Assessment_ID,Student_Key,Item_Key,Response
1,1,1,1
2,1,2,1
3,1,3,3
4,1,4,3
5,1,5,1
6,1,6,3
7,1,7,2
8,1,8,1
9,1,9,1
10,1,10,1
11,1,11,1
12,1,12,3
13,1,13,1
14,1,14,1
15,1,15,2
16,1,16,2
17,1,17,2
18,1,18,3
19,1,19,2
20,1,20,3
21,1,21,3
22,1,22,3
23,1,23,3
24,1,24,1
25,1,25,3
26,1,26,2
27,1,27,3
28,1,28,2
29,1,29,2
30,1,30,1
31,1,31,1
32,1,32,1
33,1,33,4
34,1,34,3
35,1,35,2
36,1,36,3
37,1,37,3
38,1,38,4
39,1,39,2
40,1,40,2
41,1,41,2
42,1,42,2
43,1,43,2
44,1,44,3
45,1,45,2
46,1,46,3
47,1,47,2
48,1,48,3
49,1,49,2
50,1,50,2
51,1,51,4
52,1,52,3
53,1,53,4
54,1,54,2
55,1,55,3
56,1,56,2
57,1,57,2
58,1,58,4
59,1,59,3
60,1,60,3
61,1,61,2
62,1,62,3
63,1,63,2
64,1,64,2
65,1,65,4
66,1,66,2
67,1,67,4
68,1,68,2
69,1,69,4
70,1,70,2
71,1,71,2
72,1,72,2
73,1,73,4
74,1,74,3
75,1,75,3
76,1,76,2
77,1,77,3
78,1,78,3
79,1,79,3
80,1,80,3
81,1,81,2
82,1,82,4
83,1,83,3
84,1,84,3
85,1,85,3
86,1,86,2
87,1,87,4
88,1,88,3
89,1,89,2
90,1,90,4
91,1,91,3
92,1,92,3
93,1,93,4
94,1,94,3
95,2,1,3
96,2,2,1
97,2,3,3
98,2,4,3
99,2,5,3
100,2,6,1
101,2,7,2
102,2,8,1
103,2,9,3
104,2,10,1
105,2,11,3
106,2,12,3
107,2,13,2
108,2,14,3
109,2,15,2
110,2,16,2
111,2,17,1
112,2,18,3
113,2,19,1
114,2,20,2
115,2,21,2
116,2,22,3
117,2,23,2
118,2,24,2
119,2,25,2
120,2,26,2
121,2,27,2
122,2,28,1
123,2,29,2
124,2,30,2
125,2,31,1
126,2,32,3
127,2,33,4
128,2,34,2
129,2,35,4
130,2,36,3
131,2,37,3
132,2,38,4
133,2,39,2
134,2,40,2
135,2,41,2
136,2,42,2
137,2,43,4
138,2,44,2
139,2,45,3
140,2,46,2
141,2,47,3
142,2,48,4
143,2,49,3
144,2,50,3
145,2,51,3
146,2,52,2
147,2,53,3
148,2,54,2
149,2,55,2
150,2,56,3
151,2,57,2
152,2,58,2
153,2,59,4
154,2,60,3
155,2,61,2
156,2,62,3
157,2,63,4
158,2,64,3
159,2,65,4
160,2,66,2
161,2,67,3
162,2,68,4
163,2,69,2
164,2,70,4
165,2,71,2
166,2,72,4
167,2,73,2
168,2,74,3
169,2,75,4
170,2,76,2
171,2,77,2
172,2,78,2
173,2,79,2
174,2,80,4
175,2,81,2
176,2,82,3
177,2,83,4
178,2,84,4
179,2,85,3
180,2,86,3
181,2,87,2
182,2,88,2
183,2,89,3
184,2,90,4
185,2,91,2
186,2,92,2
187,2,93,4
188,2,94,3
189,3,1,2
190,3,2,3
191,3,3,3
192,3,4,2
193,3,5,3
194,3,6,1
195,3,7,3
196,3,8,1
197,3,9,1
198,3,10,2
199,3,11,1
200,3,12,2
201,3,13,2
202,3,14,1
203,3,15,2
204,3,16,1
205,3,17,2
206,3,18,1
207,3,19,3
208,3,20,2
209,3,21,1
210,3,22,3
211,3,23,1
212,3,24,3
213,3,25,2
214,3,26,1
215,3,27,1
216,3,28,1
217,3,29,3
218,3,30,1
219,3,31,1
220,3,32,2
221,3,33,2
222,3,34,4
223,3,35,2
224,3,36,3
225,3,37,4
226,3,38,2
227,3,39,3
228,3,40,3
229,3,41,3
230,3,42,2
231,3,43,3
232,3,44,4
233,3,45,4
234,3,46,4
235,3,47,4
236,3,48,4
237,3,49,3
238,3,50,3
239,3,51,3
240,3,52,4
241,3,53,3
242,3,54,3
243,3,55,3
244,3,56,2
245,3,57,4
246,3,58,4
247,3,59,4
248,3,60,2
249,3,61,2
250,3,62,2
251,3,63,2
252,3,64,4
253,3,65,2
254,3,66,2
255,3,67,3
256,3,68,2
257,3,69,2
258,3,70,3
259,3,71,4
260,3,72,3
261,3,73,3
262,3,74,3
263,3,75,2
264,3,76,2
265,3,77,2
266,3,78,4
267,3,79,3
268,3,80,4
269,3,81,4
270,3,82,2
271,3,83,3
272,3,84,4
273,3,85,4
274,3,86,2
275,3,87,3
276,3,88,2
277,3,89,2
278,3,90,2
279,3,91,4
280,3,92,2
281,3,93,4
282,3,94,3
283,4,1,1
284,4,2,2
285,4,3,2
286,4,4,3
287,4,5,3
288,4,6,2
289,4,7,3
290,4,8,3
291,4,9,1
292,4,10,2
293,4,11,1
294,4,12,1
295,4,13,1
296,4,14,3
297,4,15,2
298,4,16,1
299,4,17,1
300,4,18,3
301,4,19,1
302,4,20,2
303,4,21,2
304,4,22,2
305,4,23,1
306,4,24,1
307,4,25,1
308,4,26,1
309,4,27,1
310,4,28,1
311,4,29,2
312,4,30,2
313,4,31,1
314,4,32,3
315,4,33,4
316,4,34,3
317,4,35,4
318,4,36,3
319,4,37,3
320,4,38,4
321,4,39,4
322,4,40,2
323,4,41,3
324,4,42,3
325,4,43,3
326,4,44,3
327,4,45,3
328,4,46,2
329,4,47,3
330,4,48,4
331,4,49,4
332,4,50,2
333,4,51,3
334,4,52,2
335,4,53,2
336,4,54,2
337,4,55,4
338,4,56,4
339,4,57,2
340,4,58,4
341,4,59,4
342,4,60,3
343,4,61,4
344,4,62,4
345,4,63,3
346,4,64,2
347,4,65,3
348,4,66,2
349,4,67,4
350,4,68,4
351,4,69,2
352,4,70,3
353,4,71,2
354,4,72,4
355,4,73,2
356,4,74,3
357,4,75,2
358,4,76,3
359,4,77,4
360,4,78,4
361,4,79,4
362,4,80,2
363,4,81,4
364,4,82,2
365,4,83,4
366,4,84,4
367,4,85,4
368,4,86,3
369,4,87,2
370,4,88,2
371,4,89,2
372,4,90,4
373,4,91,2
374,4,92,2
375,4,93,4
376,4,94,2
377,5,1,2
378,5,2,2
379,5,3,3
380,5,4,1
381,5,5,2
382,5,6,3
383,5,7,3
384,5,8,3
385,5,9,1
386,5,10,3
387,5,11,1
388,5,12,3
389,5,13,3
390,5,14,2
391,5,15,2
392,5,16,3
393,5,17,3
394,5,18,3
395,5,19,3
396,5,20,2
397,5,21,3
398,5,22,1
399,5,23,1
400,5,24,3
401,5,25,3
402,5,26,3
403,5,27,2
404,5,28,2
405,5,29,3
406,5,30,1
407,5,31,3
408,5,32,2
409,5,33,2
410,5,34,4
411,5,35,3
412,5,36,3
413,5,37,4
414,5,38,2
415,5,39,4
416,5,40,2
417,5,41,4
418,5,42,3
419,5,43,2
420,5,44,2
421,5,45,4
422,5,46,2
423,5,47,3
424,5,48,3
425,5,49,2
426,5,50,3
427,5,51,3
428,5,52,4
429,5,53,4
430,5,54,4
431,5,55,3
432,5,56,4
433,5,57,2
434,5,58,2
435,5,59,3
436,5,60,3
437,5,61,4
438,5,62,3
439,5,63,2
440,5,64,2
441,5,65,3
442,5,66,4
443,5,67,2
444,5,68,3
445,5,69,4
446,5,70,4
447,5,71,2
448,5,72,4
449,5,73,2
450,5,74,3
451,5,75,3
452,5,76,2
453,5,77,3
454,5,78,3
455,5,79,2
456,5,80,4
457,5,81,4
458,5,82,2
459,5,83,3
460,5,84,2
461,5,85,4
462,5,86,2
463,5,87,4
464,5,88,2
465,5,89,2
466,5,90,4
467,5,91,2
468,5,92,4
469,5,93,4
470,5,94,3
471,6,1,3
472,6,2,2
473,6,3,1
474,6,4,2
475,6,5,3
476,6,6,2
477,6,7,3
478,6,8,1
479,6,9,2
480,6,10,2
481,6,11,2
482,6,12,3
483,6,13,1
484,6,14,1
485,6,15,2
486,6,16,3
487,6,17,1
488,6,18,1
489,6,19,3
490,6,20,2
491,6,21,1
492,6,22,2
493,6,23,2
494,6,24,2
495,6,25,3
496,6,26,2
497,6,27,3
498,6,28,1
499,6,29,3
500,6,30,2
501,6,31,2
502,6,32,2
503,6,33,2
504,6,34,3
505,6,35,3
506,6,36,2
507,6,37,3
508,6,38,2
509,6,39,4
510,6,40,4
511,6,41,3
512,6,42,2
513,6,43,2
514,6,44,4
515,6,45,4
516,6,46,3
517,6,47,4
518,6,48,2
519,6,49,4
520,6,50,3
521,6,51,2
522,6,52,2
523,6,53,2
524,6,54,2
525,6,55,3
526,6,56,2
527,6,57,4
528,6,58,3
529,6,59,3
530,6,60,3
531,6,61,2
532,6,62,3
533,6,63,3
534,6,64,3
535,6,65,4
536,6,66,3
537,6,67,3
538,6,68,4
539,6,69,2
540,6,70,2
541,6,71,4
542,6,72,2
543,6,73,4
544,6,74,2
545,6,75,3
546,6,76,2
547,6,77,4
548,6,78,3
549,6,79,2
550,6,80,3
551,6,81,4
552,6,82,3
553,6,83,2
554,6,84,3
555,6,85,3
556,6,86,4
557,6,87,4
558,6,88,2
559,6,89,4
560,6,90,2
561,6,91,2
562,6,92,4
563,6,93,2
564,6,94,4
565,7,1,2
566,7,2,1
567,7,3,3
568,7,4,2
569,7,5,1
570,7,6,3
571,7,7,2
572,7,8,3
573,7,9,3
574,7,10,1
575,7,11,3
576,7,12,1
577,7,13,1
578,7,14,1
579,7,15,3
580,7,16,2
581,7,17,1
582,7,18,3
583,7,19,3
584,7,20,1
585,7,21,2
586,7,22,2
587,7,23,2
588,7,24,3
589,7,25,1
590,7,26,1
591,7,27,2
592,7,28,2
593,7,29,3
594,7,30,2
595,7,31,3
596,7,32,2
597,7,33,3
598,7,34,4
599,7,35,4
600,7,36,4
601,7,37,4
602,7,38,4
603,7,39,2
604,7,40,3
605,7,41,4
606,7,42,2
607,7,43,2
608,7,44,3
609,7,45,3
610,7,46,3
611,7,47,3
612,7,48,3
613,7,49,2
614,7,50,4
615,7,51,2
616,7,52,2
617,7,53,2
618,7,54,2
619,7,55,4
620,7,56,3
621,7,57,2
622,7,58,2
623,7,59,3
624,7,60,4
625,7,61,4
626,7,62,3
627,7,63,2
628,7,64,3
629,7,65,2
630,7,66,4
631,7,67,3
632,7,68,4
633,7,69,2
634,7,70,4
635,7,71,3
636,7,72,2
637,7,73,4
638,7,74,3
639,7,75,4
640,7,76,2
641,7,77,4
642,7,78,3
643,7,79,2
644,7,80,3
645,7,81,2
646,7,82,3
647,7,83,2
648,7,84,3
649,7,85,2
650,7,86,2
651,7,87,4
652,7,88,2
653,7,89,2
654,7,90,4
655,7,91,4
656,7,92,3
657,7,93,4
658,7,94,3
659,8,1,3
660,8,2,1
661,8,3,1
662,8,4,1
663,8,5,2
664,8,6,2
665,8,7,1
666,8,8,3
667,8,9,1
668,8,10,2
669,8,11,1
670,8,12,1
671,8,13,2
672,8,14,2
673,8,15,2
674,8,16,3
675,8,17,3
676,8,18,1
677,8,19,2
678,8,20,3
679,8,21,2
680,8,22,1
681,8,23,2
682,8,24,1
683,8,25,3
684,8,26,1
685,8,27,2
686,8,28,3
687,8,29,1
688,8,30,3
689,8,31,3
690,8,32,2
691,8,33,2
692,8,34,4
693,8,35,2
694,8,36,2
695,8,37,3
696,8,38,3
697,8,39,4
698,8,40,2
699,8,41,4
700,8,42,3
701,8,43,3
702,8,44,2
703,8,45,2
704,8,46,4
705,8,47,2
706,8,48,4
707,8,49,3
708,8,50,2
709,8,51,2
710,8,52,3
711,8,53,4
712,8,54,4
713,8,55,4
714,8,56,4
715,8,57,3
716,8,58,2
717,8,59,4
718,8,60,3
719,8,61,3
720,8,62,2
721,8,63,2
722,8,64,2
723,8,65,2
724,8,66,2
725,8,67,2
726,8,68,2
727,8,69,4
728,8,70,4
729,8,71,4
730,8,72,4
731,8,73,4
732,8,74,2
733,8,75,3
734,8,76,3
735,8,77,3
736,8,78,2
737,8,79,4
738,8,80,4
739,8,81,2
740,8,82,3
741,8,83,4
742,8,84,3
743,8,85,2
744,8,86,2
745,8,87,2
746,8,88,4
747,8,89,3
748,8,90,4
749,8,91,4
750,8,92,2
751,8,93,3
752,8,94,2
753,9,1,3
754,9,2,1
755,9,3,2
756,9,4,1
757,9,5,1
758,9,6,2
759,9,7,3
760,9,8,2
761,9,9,1
762,9,10,2
763,9,11,1
764,9,12,1
765,9,13,3
766,9,14,3
767,9,15,1
768,9,16,2
769,9,17,1
770,9,18,2
771,9,19,1
772,9,20,2
773,9,21,2
774,9,22,3
775,9,23,1
776,9,24,1
777,9,25,3
778,9,26,2
779,9,27,2
780,9,28,1
781,9,29,1
782,9,30,3
783,9,31,1
784,9,32,3
785,9,33,3
786,9,34,3
787,9,35,2
788,9,36,2
789,9,37,4
790,9,38,2
791,9,39,4
792,9,40,4
793,9,41,2
794,9,42,2
795,9,43,2
796,9,44,2
797,9,45,3
798,9,46,2
799,9,47,3
800,9,48,2
801,9,49,2
802,9,50,2
803,9,51,3
804,9,52,2
805,9,53,2
806,9,54,3
807,9,55,2
808,9,56,2
809,9,57,4
810,9,58,2
811,9,59,3
812,9,60,3
813,9,61,3
814,9,62,4
815,9,63,3
816,9,64,2
817,9,65,3
818,9,66,3
819,9,67,3
820,9,68,3
821,9,69,4
822,9,70,3
823,9,71,4
824,9,72,3
825,9,73,3
826,9,74,2
827,9,75,4
828,9,76,4
829,9,77,3
830,9,78,3
831,9,79,3
832,9,80,2
833,9,81,2
834,9,82,3
835,9,83,2
836,9,84,3
837,9,85,4
838,9,86,2
839,9,87,2
840,9,88,4
841,9,89,3
842,9,90,3
843,9,91,4
844,9,92,3
845,9,93,2
846,9,94,2
847,10,1,3
848,10,2,1
849,10,3,3
850,10,4,1
851,10,5,1
852,10,6,1
853,10,7,1
854,10,8,3
855,10,9,3
856,10,10,3
857,10,11,3
858,10,12,2
859,10,13,2
860,10,14,1
861,10,15,3
862,10,16,1
863,10,17,1
864,10,18,2
865,10,19,2
866,10,20,3
867,10,21,3
868,10,22,1
869,10,23,3
870,10,24,2
871,10,25,2
872,10,26,1
873,10,27,2
874,10,28,3
875,10,29,3
876,10,30,3
877,10,31,2
878,10,32,1
879,10,33,4
880,10,34,4
881,10,35,3
882,10,36,4
883,10,37,4
884,10,38,2
885,10,39,4
886,10,40,3
887,10,41,2
888,10,42,4
889,10,43,4
890,10,44,2
891,10,45,4
892,10,46,3
893,10,47,4
894,10,48,2
895,10,49,3
896,10,50,3
897,10,51,2
898,10,52,4
899,10,53,4
900,10,54,2
901,10,55,4
902,10,56,2
903,10,57,4
904,10,58,2
905,10,59,4
906,10,60,4
907,10,61,4
908,10,62,4
909,10,63,4
910,10,64,3
911,10,65,3
912,10,66,3
913,10,67,3
914,10,68,4
915,10,69,4
916,10,70,2
917,10,71,3
918,10,72,4
919,10,73,3
920,10,74,4
921,10,75,3
922,10,76,2
923,10,77,4
924,10,78,2
925,10,79,4
926,10,80,2
927,10,81,4
928,10,82,3
929,10,83,3
930,10,84,3
931,10,85,2
932,10,86,3
933,10,87,2
934,10,88,4
935,10,89,4
936,10,90,3
937,10,91,2
938,10,92,4
939,10,93,2
940,10,94,2
941,11,1,1
942,11,2,3
943,11,3,3
944,11,4,1
945,11,5,3
946,11,6,1
947,11,7,3
948,11,8,2
949,11,9,1
950,11,10,3
951,11,11,3
952,11,12,1
953,11,13,2
954,11,14,2
955,11,15,3
956,11,16,3
957,11,17,2
958,11,18,1
959,11,19,1
960,11,20,2
961,11,21,3
962,11,22,2
963,11,23,2
964,11,24,2
965,11,25,1
966,11,26,1
967,11,27,3
968,11,28,3
969,11,29,3
970,11,30,1
971,11,31,3
972,11,32,1
973,11,33,4
974,11,34,4
975,11,35,4
976,11,36,4
977,11,37,4
978,11,38,4
979,11,39,3
980,11,40,3
981,11,41,2
982,11,42,3
983,11,43,2
984,11,44,4
985,11,45,3
986,11,46,4
987,11,47,2
988,11,48,2
989,11,49,4
990,11,50,4
991,11,51,4
992,11,52,3
993,11,53,2
994,11,54,2
995,11,55,4
996,11,56,4
997,11,57,2
998,11,58,4
999,11,59,4
1000,11,60,2
1001,11,61,4
1002,11,62,4
1003,11,63,2
1004,11,64,4
1005,11,65,2
1006,11,66,3
1007,11,67,2
1008,11,68,4
1009,11,69,2
1010,11,70,4
1011,11,71,4
1012,11,72,3
1013,11,73,2
1014,11,74,4
1015,11,75,2
1016,11,76,3
1017,11,77,3
1018,11,78,2
1019,11,79,2
1020,11,80,4
1021,11,81,4
1022,11,82,3
1023,11,83,3
1024,11,84,3
1025,11,85,4
1026,11,86,2
1027,11,87,4
1028,11,88,2
1029,11,89,2
1030,11,90,4
1031,11,91,2
1032,11,92,4
1033,11,93,2
1034,11,94,2
1035,12,1,3
1036,12,2,1
1037,12,3,3
1038,12,4,1
1039,12,5,2
1040,12,6,2
1041,12,7,2
1042,12,8,3
1043,12,9,1
1044,12,10,2
1045,12,11,2
1046,12,12,1
1047,12,13,3
1048,12,14,2
1049,12,15,1
1050,12,16,3
1051,12,17,2
1052,12,18,2
1053,12,19,1
1054,12,20,1
1055,12,21,3
1056,12,22,3
1057,12,23,2
1058,12,24,3
1059,12,25,2
1060,12,26,2
1061,12,27,3
1062,12,28,1
1063,12,29,2
1064,12,30,1
1065,12,31,1
1066,12,32,1
1067,12,33,2
1068,12,34,4
1069,12,35,2
1070,12,36,2
1071,12,37,4
1072,12,38,2
1073,12,39,3
1074,12,40,4
1075,12,41,2
1076,12,42,3
1077,12,43,3
1078,12,44,2
1079,12,45,4
1080,12,46,4
1081,12,47,4
1082,12,48,3
1083,12,49,3
1084,12,50,4
1085,12,51,4
1086,12,52,3
1087,12,53,2
1088,12,54,3
1089,12,55,3
1090,12,56,4
1091,12,57,4
1092,12,58,3
1093,12,59,2
1094,12,60,4
1095,12,61,2
1096,12,62,2
1097,12,63,4
1098,12,64,4
1099,12,65,3
1100,12,66,3
1101,12,67,3
1102,12,68,4
1103,12,69,4
1104,12,70,2
1105,12,71,3
1106,12,72,2
1107,12,73,4
1108,12,74,2
1109,12,75,4
1110,12,76,4
1111,12,77,2
1112,12,78,3
1113,12,79,4
1114,12,80,4
1115,12,81,2
1116,12,82,2
1117,12,83,4
1118,12,84,2
1119,12,85,3
1120,12,86,4
1121,12,87,3
1122,12,88,3
1123,12,89,4
1124,12,90,2
1125,12,91,4
1126,12,92,2
1127,12,93,4
1128,12,94,4
1129,13,1,2
1130,13,2,1
1131,13,3,1
1132,13,4,3
1133,13,5,1
1134,13,6,1
1135,13,7,2
1136,13,8,2
1137,13,9,3
1138,13,10,3
1139,13,11,2
1140,13,12,2
1141,13,13,3
1142,13,14,3
1143,13,15,2
1144,13,16,1
1145,13,17,3
1146,13,18,3
1147,13,19,2
1148,13,20,2
1149,13,21,2
1150,13,22,3
1151,13,23,1
1152,13,24,2
1153,13,25,1
1154,13,26,2
1155,13,27,3
1156,13,28,3
1157,13,29,2
1158,13,30,2
1159,13,31,2
1160,13,32,2
1161,13,33,2
1162,13,34,2
1163,13,35,2
1164,13,36,3
1165,13,37,3
1166,13,38,2
1167,13,39,4
1168,13,40,3
1169,13,41,4
1170,13,42,3
1171,13,43,4
1172,13,44,3
1173,13,45,4
1174,13,46,2
1175,13,47,2
1176,13,48,2
1177,13,49,4
1178,13,50,4
1179,13,51,3
1180,13,52,3
1181,13,53,4
1182,13,54,2
1183,13,55,3
1184,13,56,4
1185,13,57,2
1186,13,58,3
1187,13,59,3
1188,13,60,3
1189,13,61,4
1190,13,62,4
1191,13,63,3
1192,13,64,4
1193,13,65,4
1194,13,66,2
1195,13,67,4
1196,13,68,4
1197,13,69,4
1198,13,70,2
1199,13,71,3
1200,13,72,3
1201,13,73,2
1202,13,74,2
1203,13,75,3
1204,13,76,2
1205,13,77,3
1206,13,78,2
1207,13,79,3
1208,13,80,2
1209,13,81,3
1210,13,82,4
1211,13,83,4
1212,13,84,3
1213,13,85,4
1214,13,86,2
1215,13,87,3
1216,13,88,4
1217,13,89,3
1218,13,90,2
1219,13,91,4
1220,13,92,4
1221,13,93,3
1222,13,94,2
1223,14,1,2
1224,14,2,3
1225,14,3,2
1226,14,4,3
1227,14,5,1
1228,14,6,2
1229,14,7,1
1230,14,8,1
1231,14,9,1
1232,14,10,3
1233,14,11,2
1234,14,12,1
1235,14,13,1
1236,14,14,3
1237,14,15,1
1238,14,16,1
1239,14,17,2
1240,14,18,3
1241,14,19,1
1242,14,20,1
1243,14,21,1
1244,14,22,3
1245,14,23,3
1246,14,24,1
1247,14,25,1
1248,14,26,1
1249,14,27,3
1250,14,28,3
1251,14,29,2
1252,14,30,2
1253,14,31,2
1254,14,32,2
1255,14,33,4
1256,14,34,3
1257,14,35,4
1258,14,36,2
1259,14,37,3
1260,14,38,3
1261,14,39,3
1262,14,40,4
1263,14,41,3
1264,14,42,2
1265,14,43,2
1266,14,44,4
1267,14,45,4
1268,14,46,4
1269,14,47,2
1270,14,48,2
1271,14,49,4
1272,14,50,4
1273,14,51,3
1274,14,52,2
1275,14,53,4
1276,14,54,2
1277,14,55,4
1278,14,56,4
1279,14,57,4
1280,14,58,2
1281,14,59,2
1282,14,60,3
1283,14,61,3
1284,14,62,3
1285,14,63,3
1286,14,64,3
1287,14,65,2
1288,14,66,4
1289,14,67,4
1290,14,68,3
1291,14,69,3
1292,14,70,3
1293,14,71,4
1294,14,72,3
1295,14,73,3
1296,14,74,2
1297,14,75,4
1298,14,76,3
1299,14,77,3
1300,14,78,4
1301,14,79,3
1302,14,80,3
1303,14,81,2
1304,14,82,2
1305,14,83,3
1306,14,84,3
1307,14,85,2
1308,14,86,4
1309,14,87,3
1310,14,88,3
1311,14,89,3
1312,14,90,2
1313,14,91,2
1314,14,92,3
1315,14,93,2
1316,14,94,2
1317,15,1,1
1318,15,2,1
1319,15,3,2
1320,15,4,3
1321,15,5,1
1322,15,6,3
1323,15,7,3
1324,15,8,3
1325,15,9,2
1326,15,10,2
1327,15,11,1
1328,15,12,2
1329,15,13,3
1330,15,14,1
1331,15,15,2
1332,15,16,1
1333,15,17,3
1334,15,18,1
1335,15,19,1
1336,15,20,3
1337,15,21,1
1338,15,22,3
1339,15,23,2
1340,15,24,3
1341,15,25,3
1342,15,26,2
1343,15,27,2
1344,15,28,2
1345,15,29,2
1346,15,30,1
1347,15,31,2
1348,15,32,1
1349,15,33,4
1350,15,34,2
1351,15,35,4
1352,15,36,4
1353,15,37,4
1354,15,38,3
1355,15,39,2
1356,15,40,2
1357,15,41,2
1358,15,42,3
1359,15,43,3
1360,15,44,4
1361,15,45,3
1362,15,46,3
1363,15,47,3
1364,15,48,4
1365,15,49,4
1366,15,50,3
1367,15,51,2
1368,15,52,3
1369,15,53,4
1370,15,54,3
1371,15,55,2
1372,15,56,4
1373,15,57,3
1374,15,58,2
1375,15,59,3
1376,15,60,2
1377,15,61,3
1378,15,62,2
1379,15,63,3
1380,15,64,3
1381,15,65,3
1382,15,66,3
1383,15,67,3
1384,15,68,2
1385,15,69,2
1386,15,70,3
1387,15,71,3
1388,15,72,4
1389,15,73,2
1390,15,74,2
1391,15,75,4
1392,15,76,2
1393,15,77,2
1394,15,78,4
1395,15,79,4
1396,15,80,3
1397,15,81,2
1398,15,82,3
1399,15,83,3
1400,15,84,2
1401,15,85,2
1402,15,86,4
1403,15,87,2
1404,15,88,4
1405,15,89,4
1406,15,90,2
1407,15,91,4
1408,15,92,2
1409,15,93,2
1410,15,94,4
1411,16,1,1
1412,16,2,1
1413,16,3,1
1414,16,4,1
1415,16,5,3
1416,16,6,1
1417,16,7,1
1418,16,8,3
1419,16,9,2
1420,16,10,1
1421,16,11,2
1422,16,12,3
1423,16,13,3
1424,16,14,2
1425,16,15,3
1426,16,16,2
1427,16,17,2
1428,16,18,3
1429,16,19,2
1430,16,20,2
1431,16,21,2
1432,16,22,1
1433,16,23,2
1434,16,24,1
1435,16,25,3
1436,16,26,3
1437,16,27,3
1438,16,28,1
1439,16,29,2
1440,16,30,1
1441,16,31,1
1442,16,32,1
1443,16,33,3
1444,16,34,4
1445,16,35,3
1446,16,36,4
1447,16,37,2
1448,16,38,3
1449,16,39,3
1450,16,40,3
1451,16,41,3
1452,16,42,2
1453,16,43,3
1454,16,44,4
1455,16,45,4
1456,16,46,4
1457,16,47,2
1458,16,48,4
1459,16,49,3
1460,16,50,3
1461,16,51,2
1462,16,52,3
1463,16,53,4
1464,16,54,2
1465,16,55,3
1466,16,56,2
1467,16,57,3
1468,16,58,2
1469,16,59,4
1470,16,60,4
1471,16,61,4
1472,16,62,3
1473,16,63,2
1474,16,64,2
1475,16,65,3
1476,16,66,2
1477,16,67,2
1478,16,68,4
1479,16,69,2
1480,16,70,2
1481,16,71,3
1482,16,72,2
1483,16,73,2
1484,16,74,2
1485,16,75,3
1486,16,76,4
1487,16,77,4
1488,16,78,4
1489,16,79,2
1490,16,80,4
1491,16,81,4
1492,16,82,2
1493,16,83,2
1494,16,84,3
1495,16,85,3
1496,16,86,3
1497,16,87,4
1498,16,88,4
1499,16,89,2
1500,16,90,2
1501,16,91,4
1502,16,92,2
1503,16,93,4
1504,16,94,3
1505,17,1,2
1506,17,2,1
1507,17,3,2
1508,17,4,1
1509,17,5,2
1510,17,6,2
1511,17,7,1
1512,17,8,1
1513,17,9,3
1514,17,10,3
1515,17,11,1
1516,17,12,3
1517,17,13,3
1518,17,14,2
1519,17,15,3
1520,17,16,2
1521,17,17,1
1522,17,18,1
1523,17,19,3
1524,17,20,1
1525,17,21,2
1526,17,22,2
1527,17,23,2
1528,17,24,3
1529,17,25,1
1530,17,26,1
1531,17,27,3
1532,17,28,3
1533,17,29,1
1534,17,30,2
1535,17,31,2
1536,17,32,3
1537,17,33,4
1538,17,34,2
1539,17,35,3
1540,17,36,4
1541,17,37,2
1542,17,38,4
1543,17,39,3
1544,17,40,2
1545,17,41,3
1546,17,42,4
1547,17,43,2
1548,17,44,3
1549,17,45,2
1550,17,46,4
1551,17,47,2
1552,17,48,3
1553,17,49,4
1554,17,50,4
1555,17,51,4
1556,17,52,2
1557,17,53,3
1558,17,54,3
1559,17,55,2
1560,17,56,2
1561,17,57,4
1562,17,58,4
1563,17,59,4
1564,17,60,2
1565,17,61,3
1566,17,62,2
1567,17,63,4
1568,17,64,3
1569,17,65,2
1570,17,66,2
1571,17,67,2
1572,17,68,3
1573,17,69,3
1574,17,70,2
1575,17,71,2
1576,17,72,3
1577,17,73,4
1578,17,74,3
1579,17,75,4
1580,17,76,4
1581,17,77,3
1582,17,78,4
1583,17,79,2
1584,17,80,3
1585,17,81,2
1586,17,82,4
1587,17,83,3
1588,17,84,4
1589,17,85,4
1590,17,86,3
1591,17,87,2
1592,17,88,4
1593,17,89,4
1594,17,90,4
1595,17,91,2
1596,17,92,3
1597,17,93,3
1598,17,94,4
1599,18,1,2
1600,18,2,1
1601,18,3,1
1602,18,4,3
1603,18,5,3
1604,18,6,3
1605,18,7,2
1606,18,8,1
1607,18,9,1
1608,18,10,2
1609,18,11,1
1610,18,12,1
1611,18,13,1
1612,18,14,1
1613,18,15,2
1614,18,16,2
1615,18,17,2
1616,18,18,2
1617,18,19,3
1618,18,20,2
1619,18,21,2
1620,18,22,3
1621,18,23,2
1622,18,24,1
1623,18,25,2
1624,18,26,1
1625,18,27,3
1626,18,28,3
1627,18,29,2
1628,18,30,3
1629,18,31,1
1630,18,32,1
1631,18,33,3
1632,18,34,3
1633,18,35,3
1634,18,36,3
1635,18,37,4
1636,18,38,2
1637,18,39,2
1638,18,40,4
1639,18,41,2
1640,18,42,2
1641,18,43,3
1642,18,44,2
1643,18,45,2
1644,18,46,2
1645,18,47,3
1646,18,48,4
1647,18,49,4
1648,18,50,3
1649,18,51,2
1650,18,52,4
1651,18,53,4
1652,18,54,4
1653,18,55,2
1654,18,56,4
1655,18,57,2
1656,18,58,4
1657,18,59,4
1658,18,60,4
1659,18,61,4
1660,18,62,4
1661,18,63,3
1662,18,64,4
1663,18,65,3
1664,18,66,2
1665,18,67,4
1666,18,68,2
1667,18,69,2
1668,18,70,2
1669,18,71,3
1670,18,72,3
1671,18,73,2
1672,18,74,3
1673,18,75,4
1674,18,76,4
1675,18,77,4
1676,18,78,2
1677,18,79,3
1678,18,80,3
1679,18,81,4
1680,18,82,3
1681,18,83,2
1682,18,84,3
1683,18,85,2
1684,18,86,2
1685,18,87,3
1686,18,88,4
1687,18,89,2
1688,18,90,2
1689,18,91,4
1690,18,92,3
1691,18,93,2
1692,18,94,4
1693,19,1,1
1694,19,2,1
1695,19,3,1
1696,19,4,1
1697,19,5,2
1698,19,6,2
1699,19,7,1
1700,19,8,1
1701,19,9,1
1702,19,10,2
1703,19,11,2
1704,19,12,3
1705,19,13,3
1706,19,14,2
1707,19,15,3
1708,19,16,3
1709,19,17,1
1710,19,18,2
1711,19,19,3
1712,19,20,3
1713,19,21,2
1714,19,22,1
1715,19,23,1
1716,19,24,3
1717,19,25,2
1718,19,26,1
1719,19,27,3
1720,19,28,3
1721,19,29,2
1722,19,30,3
1723,19,31,2
1724,19,32,1
1725,19,33,4
1726,19,34,2
1727,19,35,4
1728,19,36,2
1729,19,37,3
1730,19,38,4
1731,19,39,4
1732,19,40,2
1733,19,41,3
1734,19,42,2
1735,19,43,3
1736,19,44,2
1737,19,45,3
1738,19,46,2
1739,19,47,2
1740,19,48,3
1741,19,49,3
1742,19,50,3
1743,19,51,4
1744,19,52,3
1745,19,53,3
1746,19,54,3
1747,19,55,2
1748,19,56,2
1749,19,57,3
1750,19,58,4
1751,19,59,2
1752,19,60,2
1753,19,61,4
1754,19,62,3
1755,19,63,3
1756,19,64,3
1757,19,65,4
1758,19,66,2
1759,19,67,3
1760,19,68,4
1761,19,69,2
1762,19,70,4
1763,19,71,2
1764,19,72,4
1765,19,73,4
1766,19,74,2
1767,19,75,2
1768,19,76,3
1769,19,77,4
1770,19,78,4
1771,19,79,3
1772,19,80,2
1773,19,81,3
1774,19,82,3
1775,19,83,4
1776,19,84,4
1777,19,85,4
1778,19,86,2
1779,19,87,3
1780,19,88,2
1781,19,89,2
1782,19,90,3
1783,19,91,3
1784,19,92,4
1785,19,93,4
1786,19,94,2
1787,20,1,3
1788,20,2,2
1789,20,3,1
1790,20,4,3
1791,20,5,1
1792,20,6,3
1793,20,7,1
1794,20,8,2
1795,20,9,2
1796,20,10,3
1797,20,11,2
1798,20,12,3
1799,20,13,2
1800,20,14,1
1801,20,15,1
1802,20,16,2
1803,20,17,3
1804,20,18,2
1805,20,19,2
1806,20,20,3
1807,20,21,1
1808,20,22,2
1809,20,23,3
1810,20,24,2
1811,20,25,3
1812,20,26,3
1813,20,27,1
1814,20,28,3
1815,20,29,3
1816,20,30,1
1817,20,31,1
1818,20,32,2
1819,20,33,2
1820,20,34,3
1821,20,35,4
1822,20,36,3
1823,20,37,3
1824,20,38,4
1825,20,39,2
1826,20,40,3
1827,20,41,4
1828,20,42,2
1829,20,43,3
1830,20,44,3
1831,20,45,2
1832,20,46,3
1833,20,47,2
1834,20,48,3
1835,20,49,4
1836,20,50,2
1837,20,51,4
1838,20,52,4
1839,20,53,4
1840,20,54,4
1841,20,55,4
1842,20,56,4
1843,20,57,4
1844,20,58,3
1845,20,59,3
1846,20,60,4
1847,20,61,2
1848,20,62,3
1849,20,63,3
1850,20,64,3
1851,20,65,2
1852,20,66,2
1853,20,67,4
1854,20,68,2
1855,20,69,3
1856,20,70,3
1857,20,71,2
1858,20,72,3
1859,20,73,2
1860,20,74,3
1861,20,75,3
1862,20,76,2
1863,20,77,4
1864,20,78,4
1865,20,79,4
1866,20,80,2
1867,20,81,4
1868,20,82,4
1869,20,83,2
1870,20,84,2
1871,20,85,3
1872,20,86,2
1873,20,87,3
1874,20,88,3
1875,20,89,2
1876,20,90,3
1877,20,91,3
1878,20,92,4
1879,20,93,4
1880,20,94,4
1881,21,1,3
1882,21,2,2
1883,21,3,3
1884,21,4,3
1885,21,5,3
1886,21,6,3
1887,21,7,2
1888,21,8,2
1889,21,9,3
1890,21,10,1
1891,21,11,2
1892,21,12,1
1893,21,13,2
1894,21,14,3
1895,21,15,2
1896,21,16,2
1897,21,17,1
1898,21,18,1
1899,21,19,2
1900,21,20,3
1901,21,21,3
1902,21,22,1
1903,21,23,2
1904,21,24,2
1905,21,25,2
1906,21,26,2
1907,21,27,2
1908,21,28,2
1909,21,29,1
1910,21,30,1
1911,21,31,1
1912,21,32,1
1913,21,33,3
1914,21,34,3
1915,21,35,2
1916,21,36,2
1917,21,37,3
1918,21,38,2
1919,21,39,2
1920,21,40,4
1921,21,41,2
1922,21,42,3
1923,21,43,2
1924,21,44,4
1925,21,45,2
1926,21,46,4
1927,21,47,4
1928,21,48,4
1929,21,49,3
1930,21,50,2
1931,21,51,4
1932,21,52,2
1933,21,53,4
1934,21,54,3
1935,21,55,4
1936,21,56,4
1937,21,57,3
1938,21,58,4
1939,21,59,4
1940,21,60,4
1941,21,61,2
1942,21,62,4
1943,21,63,2
1944,21,64,2
1945,21,65,4
1946,21,66,4
1947,21,67,4
1948,21,68,4
1949,21,69,2
1950,21,70,2
1951,21,71,2
1952,21,72,2
1953,21,73,4
1954,21,74,4
1955,21,75,2
1956,21,76,4
1957,21,77,4
1958,21,78,2
1959,21,79,4
1960,21,80,2
1961,21,81,4
1962,21,82,2
1963,21,83,4
1964,21,84,3
1965,21,85,3
1966,21,86,2
1967,21,87,3
1968,21,88,3
1969,21,89,4
1970,21,90,4
1971,21,91,4
1972,21,92,3
1973,21,93,3
1974,21,94,2
1975,22,1,1
1976,22,2,1
1977,22,3,2
1978,22,4,2
1979,22,5,3
1980,22,6,3
1981,22,7,2
1982,22,8,1
1983,22,9,2
1984,22,10,3
1985,22,11,1
1986,22,12,1
1987,22,13,2
1988,22,14,3
1989,22,15,3
1990,22,16,2
1991,22,17,2
1992,22,18,2
1993,22,19,1
1994,22,20,2
1995,22,21,3
1996,22,22,1
1997,22,23,3
1998,22,24,2
1999,22,25,1
2000,22,26,2
2001,22,27,3
2002,22,28,2
2003,22,29,3
2004,22,30,3
2005,22,31,3
2006,22,32,1
2007,22,33,2
2008,22,34,3
2009,22,35,4
2010,22,36,2
2011,22,37,4
2012,22,38,3
2013,22,39,3
2014,22,40,2
2015,22,41,2
2016,22,42,2
2017,22,43,3
2018,22,44,4
2019,22,45,4
2020,22,46,4
2021,22,47,4
2022,22,48,3
2023,22,49,2
2024,22,50,3
2025,22,51,3
2026,22,52,3
2027,22,53,2
2028,22,54,4
2029,22,55,3
2030,22,56,2
2031,22,57,3
2032,22,58,2
2033,22,59,4
2034,22,60,2
2035,22,61,4
2036,22,62,2
2037,22,63,2
2038,22,64,2
2039,22,65,2
2040,22,66,4
2041,22,67,4
2042,22,68,4
2043,22,69,2
2044,22,70,4
2045,22,71,3
2046,22,72,3
2047,22,73,4
2048,22,74,4
2049,22,75,3
2050,22,76,2
2051,22,77,4
2052,22,78,3
2053,22,79,3
2054,22,80,3
2055,22,81,2
2056,22,82,2
2057,22,83,2
2058,22,84,2
2059,22,85,4
2060,22,86,4
2061,22,87,3
2062,22,88,4
2063,22,89,2
2064,22,90,3
2065,22,91,3
2066,22,92,3
2067,22,93,3
2068,22,94,3
2069,23,1,3
2070,23,2,2
2071,23,3,2
2072,23,4,2
2073,23,5,3
2074,23,6,2
2075,23,7,1
2076,23,8,2
2077,23,9,3
2078,23,10,1
2079,23,11,1
2080,23,12,1
2081,23,13,1
2082,23,14,3
2083,23,15,1
2084,23,16,1
2085,23,17,3
2086,23,18,2
2087,23,19,3
2088,23,20,2
2089,23,21,3
2090,23,22,3
2091,23,23,1
2092,23,24,2
2093,23,25,3
2094,23,26,1
2095,23,27,2
2096,23,28,3
2097,23,29,2
2098,23,30,3
2099,23,31,2
2100,23,32,3
2101,23,33,3
2102,23,34,3
2103,23,35,3
2104,23,36,4
2105,23,37,3
2106,23,38,3
2107,23,39,3
2108,23,40,2
2109,23,41,4
2110,23,42,2
2111,23,43,4
2112,23,44,3
2113,23,45,4
2114,23,46,4
2115,23,47,3
2116,23,48,3
2117,23,49,3
2118,23,50,2
2119,23,51,3
2120,23,52,4
2121,23,53,3
2122,23,54,2
2123,23,55,2
2124,23,56,2
2125,23,57,3
2126,23,58,3
2127,23,59,3
2128,23,60,3
2129,23,61,4
2130,23,62,4
2131,23,63,4
2132,23,64,2
2133,23,65,3
2134,23,66,4
2135,23,67,2
2136,23,68,3
2137,23,69,3
2138,23,70,2
2139,23,71,2
2140,23,72,3
2141,23,73,4
2142,23,74,3
2143,23,75,3
2144,23,76,3
2145,23,77,4
2146,23,78,4
2147,23,79,3
2148,23,80,3
2149,23,81,2
2150,23,82,2
2151,23,83,3
2152,23,84,4
2153,23,85,4
2154,23,86,3
2155,23,87,4
2156,23,88,3
2157,23,89,3
2158,23,90,4
2159,23,91,4
2160,23,92,4
2161,23,93,2
2162,23,94,2
2163,24,1,3
2164,24,2,2
2165,24,3,2
2166,24,4,1
2167,24,5,1
2168,24,6,3
2169,24,7,3
2170,24,8,3
2171,24,9,3
2172,24,10,3
2173,24,11,3
2174,24,12,2
2175,24,13,1
2176,24,14,3
2177,24,15,3
2178,24,16,1
2179,24,17,1
2180,24,18,2
2181,24,19,1
2182,24,20,1
2183,24,21,1
2184,24,22,2
2185,24,23,1
2186,24,24,2
2187,24,25,1
2188,24,26,2
2189,24,27,2
2190,24,28,3
2191,24,29,2
2192,24,30,1
2193,24,31,2
2194,24,32,3
2195,24,33,3
2196,24,34,4
2197,24,35,4
2198,24,36,3
2199,24,37,4
2200,24,38,4
2201,24,39,2
2202,24,40,3
2203,24,41,3
2204,24,42,2
2205,24,43,3
2206,24,44,3
2207,24,45,4
2208,24,46,3
2209,24,47,3
2210,24,48,3
2211,24,49,4
2212,24,50,2
2213,24,51,4
2214,24,52,2
2215,24,53,2
2216,24,54,2
2217,24,55,4
2218,24,56,4
2219,24,57,4
2220,24,58,4
2221,24,59,2
2222,24,60,2
2223,24,61,3
2224,24,62,2
2225,24,63,2
2226,24,64,2
2227,24,65,2
2228,24,66,2
2229,24,67,4
2230,24,68,4
2231,24,69,3
2232,24,70,3
2233,24,71,4
2234,24,72,2
2235,24,73,3
2236,24,74,2
2237,24,75,4
2238,24,76,2
2239,24,77,4
2240,24,78,2
2241,24,79,2
2242,24,80,3
2243,24,81,2
2244,24,82,3
2245,24,83,2
2246,24,84,3
2247,24,85,3
2248,24,86,4
2249,24,87,4
2250,24,88,4
2251,24,89,4
2252,24,90,3
2253,24,91,4
2254,24,92,4
2255,24,93,2
2256,24,94,3
2257,25,1,1
2258,25,2,1
2259,25,3,2
2260,25,4,3
2261,25,5,3
2262,25,6,3
2263,25,7,1
2264,25,8,3
2265,25,9,2
2266,25,10,3
2267,25,11,1
2268,25,12,1
2269,25,13,3
2270,25,14,1
2271,25,15,1
2272,25,16,1
2273,25,17,3
2274,25,18,2
2275,25,19,3
2276,25,20,2
2277,25,21,2
2278,25,22,1
2279,25,23,2
2280,25,24,2
2281,25,25,3
2282,25,26,2
2283,25,27,1
2284,25,28,3
2285,25,29,2
2286,25,30,1
2287,25,31,3
2288,25,32,1
2289,25,33,4
2290,25,34,2
2291,25,35,3
2292,25,36,4
2293,25,37,4
2294,25,38,3
2295,25,39,3
2296,25,40,2
2297,25,41,2
2298,25,42,3
2299,25,43,3
2300,25,44,3
2301,25,45,3
2302,25,46,4
2303,25,47,4
2304,25,48,3
2305,25,49,2
2306,25,50,2
2307,25,51,2
2308,25,52,2
2309,25,53,3
2310,25,54,2
2311,25,55,3
2312,25,56,2
2313,25,57,4
2314,25,58,3
2315,25,59,2
2316,25,60,3
2317,25,61,2
2318,25,62,4
2319,25,63,4
2320,25,64,4
2321,25,65,4
2322,25,66,4
2323,25,67,4
2324,25,68,4
2325,25,69,2
2326,25,70,3
2327,25,71,3
2328,25,72,2
2329,25,73,2
2330,25,74,4
2331,25,75,3
2332,25,76,2
2333,25,77,3
2334,25,78,2
2335,25,79,4
2336,25,80,4
2337,25,81,4
2338,25,82,2
2339,25,83,4
2340,25,84,4
2341,25,85,2
2342,25,86,3
2343,25,87,4
2344,25,88,2
2345,25,89,3
2346,25,90,2
2347,25,91,3
2348,25,92,4
2349,25,93,4
2350,25,94,4
2351,26,1,3
2352,26,2,2
2353,26,3,2
2354,26,4,3
2355,26,5,3
2356,26,6,1
2357,26,7,3
2358,26,8,2
2359,26,9,1
2360,26,10,1
2361,26,11,3
2362,26,12,3
2363,26,13,1
2364,26,14,1
2365,26,15,1
2366,26,16,1
2367,26,17,3
2368,26,18,2
2369,26,19,2
2370,26,20,2
2371,26,21,3
2372,26,22,3
2373,26,23,3
2374,26,24,1
2375,26,25,3
2376,26,26,3
2377,26,27,2
2378,26,28,1
2379,26,29,1
2380,26,30,3
2381,26,31,2
2382,26,32,3
2383,26,33,3
2384,26,34,4
2385,26,35,4
2386,26,36,3
2387,26,37,2
2388,26,38,2
2389,26,39,3
2390,26,40,4
2391,26,41,2
2392,26,42,3
2393,26,43,2
2394,26,44,3
2395,26,45,3
2396,26,46,4
2397,26,47,4
2398,26,48,4
2399,26,49,2
2400,26,50,4
2401,26,51,3
2402,26,52,4
2403,26,53,2
2404,26,54,4
2405,26,55,4
2406,26,56,2
2407,26,57,4
2408,26,58,3
2409,26,59,3
2410,26,60,4
2411,26,61,2
2412,26,62,2
2413,26,63,2
2414,26,64,2
2415,26,65,2
2416,26,66,2
2417,26,67,2
2418,26,68,4
2419,26,69,2
2420,26,70,3
2421,26,71,3
2422,26,72,4
2423,26,73,3
2424,26,74,4
2425,26,75,2
2426,26,76,3
2427,26,77,3
2428,26,78,4
2429,26,79,3
2430,26,80,4
2431,26,81,4
2432,26,82,3
2433,26,83,2
2434,26,84,4
2435,26,85,4
2436,26,86,2
2437,26,87,2
2438,26,88,3
2439,26,89,4
2440,26,90,4
2441,26,91,3
2442,26,92,3
2443,26,93,3
2444,26,94,3
2445,27,1,1
2446,27,2,1
2447,27,3,2
2448,27,4,2
2449,27,5,3
2450,27,6,2
2451,27,7,2
2452,27,8,3
2453,27,9,3
2454,27,10,1
2455,27,11,3
2456,27,12,2
2457,27,13,1
2458,27,14,1
2459,27,15,3
2460,27,16,2
2461,27,17,3
2462,27,18,3
2463,27,19,2
2464,27,20,2
2465,27,21,3
2466,27,22,1
2467,27,23,3
2468,27,24,1
2469,27,25,2
2470,27,26,1
2471,27,27,1
2472,27,28,1
2473,27,29,3
2474,27,30,2
2475,27,31,3
2476,27,32,1
2477,27,33,2
2478,27,34,4
2479,27,35,4
2480,27,36,4
2481,27,37,3
2482,27,38,4
2483,27,39,4
2484,27,40,2
2485,27,41,3
2486,27,42,2
2487,27,43,4
2488,27,44,2
2489,27,45,3
2490,27,46,3
2491,27,47,4
2492,27,48,2
2493,27,49,4
2494,27,50,2
2495,27,51,3
2496,27,52,4
2497,27,53,3
2498,27,54,3
2499,27,55,4
2500,27,56,2
2501,27,57,3
2502,27,58,2
2503,27,59,3
2504,27,60,4
2505,27,61,2
2506,27,62,4
2507,27,63,4
2508,27,64,2
2509,27,65,3
2510,27,66,3
2511,27,67,4
2512,27,68,2
2513,27,69,4
2514,27,70,3
2515,27,71,2
2516,27,72,4
2517,27,73,2
2518,27,74,2
2519,27,75,4
2520,27,76,4
2521,27,77,3
2522,27,78,2
2523,27,79,4
2524,27,80,3
2525,27,81,2
2526,27,82,4
2527,27,83,3
2528,27,84,4
2529,27,85,4
2530,27,86,2
2531,27,87,2
2532,27,88,4
2533,27,89,3
2534,27,90,4
2535,27,91,3
2536,27,92,4
2537,27,93,4
2538,27,94,2
2539,28,1,3
2540,28,2,3
2541,28,3,3
2542,28,4,3
2543,28,5,2
2544,28,6,1
2545,28,7,2
2546,28,8,1
2547,28,9,1
2548,28,10,2
2549,28,11,1
2550,28,12,1
2551,28,13,3
2552,28,14,2
2553,28,15,1
2554,28,16,1
2555,28,17,3
2556,28,18,2
2557,28,19,3
2558,28,20,2
2559,28,21,3
2560,28,22,2
2561,28,23,2
2562,28,24,1
2563,28,25,3
2564,28,26,1
2565,28,27,3
2566,28,28,2
2567,28,29,3
2568,28,30,2
2569,28,31,1
2570,28,32,1
2571,28,33,4
2572,28,34,2
2573,28,35,4
2574,28,36,2
2575,28,37,4
2576,28,38,3
2577,28,39,3
2578,28,40,4
2579,28,41,2
2580,28,42,3
2581,28,43,4
2582,28,44,2
2583,28,45,2
2584,28,46,2
2585,28,47,4
2586,28,48,4
2587,28,49,2
2588,28,50,3
2589,28,51,4
2590,28,52,4
2591,28,53,3
2592,28,54,2
2593,28,55,3
2594,28,56,3
2595,28,57,2
2596,28,58,3
2597,28,59,3
2598,28,60,3
2599,28,61,4
2600,28,62,2
2601,28,63,4
2602,28,64,2
2603,28,65,4
2604,28,66,3
2605,28,67,4
2606,28,68,2
2607,28,69,2
2608,28,70,4
2609,28,71,2
2610,28,72,3
2611,28,73,2
2612,28,74,2
2613,28,75,4
2614,28,76,3
2615,28,77,4
2616,28,78,2
2617,28,79,4
2618,28,80,4
2619,28,81,3
2620,28,82,2
2621,28,83,3
2622,28,84,2
2623,28,85,2
2624,28,86,3
2625,28,87,2
2626,28,88,4
2627,28,89,2
2628,28,90,3
2629,28,91,2
2630,28,92,2
2631,28,93,2
2632,28,94,3
2633,29,1,3
2634,29,2,2
2635,29,3,2
2636,29,4,3
2637,29,5,1
2638,29,6,2
2639,29,7,3
2640,29,8,3
2641,29,9,3
2642,29,10,2
2643,29,11,2
2644,29,12,1
2645,29,13,2
2646,29,14,3
2647,29,15,2
2648,29,16,2
2649,29,17,3
2650,29,18,2
2651,29,19,2
2652,29,20,2
2653,29,21,1
2654,29,22,3
2655,29,23,2
2656,29,24,2
2657,29,25,2
2658,29,26,3
2659,29,27,1
2660,29,28,2
2661,29,29,1
2662,29,30,2
2663,29,31,2
2664,29,32,3
2665,29,33,3
2666,29,34,3
2667,29,35,2
2668,29,36,4
2669,29,37,3
2670,29,38,2
2671,29,39,2
2672,29,40,2
2673,29,41,3
2674,29,42,4
2675,29,43,3
2676,29,44,2
2677,29,45,2
2678,29,46,3
2679,29,47,2
2680,29,48,4
2681,29,49,3
2682,29,50,4
2683,29,51,2
2684,29,52,2
2685,29,53,3
2686,29,54,3
2687,29,55,4
2688,29,56,3
2689,29,57,4
2690,29,58,4
2691,29,59,4
2692,29,60,2
2693,29,61,4
2694,29,62,2
2695,29,63,2
2696,29,64,4
2697,29,65,3
2698,29,66,3
2699,29,67,4
2700,29,68,2
2701,29,69,4
2702,29,70,4
2703,29,71,3
2704,29,72,2
2705,29,73,4
2706,29,74,3
2707,29,75,3
2708,29,76,3
2709,29,77,4
2710,29,78,3
2711,29,79,4
2712,29,80,3
2713,29,81,2
2714,29,82,4
2715,29,83,2
2716,29,84,3
2717,29,85,2
2718,29,86,4
2719,29,87,2
2720,29,88,2
2721,29,89,2
2722,29,90,4
2723,29,91,3
2724,29,92,3
2725,29,93,4
2726,29,94,2
2727,30,1,3
2728,30,2,1
2729,30,3,2
2730,30,4,3
2731,30,5,2
2732,30,6,3
2733,30,7,3
2734,30,8,3
2735,30,9,1
2736,30,10,1
2737,30,11,3
2738,30,12,2
2739,30,13,3
2740,30,14,1
2741,30,15,1
2742,30,16,3
2743,30,17,2
2744,30,18,2
2745,30,19,1
2746,30,20,2
2747,30,21,1
2748,30,22,2
2749,30,23,1
2750,30,24,2
2751,30,25,2
2752,30,26,1
2753,30,27,1
2754,30,28,1
2755,30,29,1
2756,30,30,2
2757,30,31,2
2758,30,32,1
2759,30,33,2
2760,30,34,4
2761,30,35,2
2762,30,36,4
2763,30,37,2
2764,30,38,3
2765,30,39,2
2766,30,40,2
2767,30,41,3
2768,30,42,3
2769,30,43,4
2770,30,44,2
2771,30,45,3
2772,30,46,2
2773,30,47,3
2774,30,48,4
2775,30,49,4
2776,30,50,4
2777,30,51,2
2778,30,52,3
2779,30,53,3
2780,30,54,4
2781,30,55,3
2782,30,56,3
2783,30,57,2
2784,30,58,4
2785,30,59,3
2786,30,60,4
2787,30,61,2
2788,30,62,2
2789,30,63,2
2790,30,64,2
2791,30,65,4
2792,30,66,2
2793,30,67,3
2794,30,68,4
2795,30,69,2
2796,30,70,4
2797,30,71,4
2798,30,72,4
2799,30,73,3
2800,30,74,2
2801,30,75,3
2802,30,76,4
2803,30,77,4
2804,30,78,4
2805,30,79,3
2806,30,80,4
2807,30,81,3
2808,30,82,2
2809,30,83,3
2810,30,84,2
2811,30,85,4
2812,30,86,4
2813,30,87,4
2814,30,88,2
2815,30,89,3
2816,30,90,2
2817,30,91,4
2818,30,92,4
2819,30,93,2
2820,30,94,3
2821,31,1,3
2822,31,2,1
2823,31,3,2
2824,31,4,3
2825,31,5,1
2826,31,6,2
2827,31,7,1
2828,31,8,1
2829,31,9,3
2830,31,10,2
2831,31,11,1
2832,31,12,3
2833,31,13,2
2834,31,14,3
2835,31,15,1
2836,31,16,2
2837,31,17,1
2838,31,18,1
2839,31,19,2
2840,31,20,3
2841,31,21,2
2842,31,22,1
2843,31,23,3
2844,31,24,3
2845,31,25,1
2846,31,26,2
2847,31,27,1
2848,31,28,1
2849,31,29,3
2850,31,30,3
2851,31,31,3
2852,31,32,2
2853,31,33,3
2854,31,34,2
2855,31,35,2
2856,31,36,4
2857,31,37,4
2858,31,38,4
2859,31,39,3
2860,31,40,3
2861,31,41,3
2862,31,42,4
2863,31,43,4
2864,31,44,4
2865,31,45,3
2866,31,46,3
2867,31,47,2
2868,31,48,4
2869,31,49,2
2870,31,50,2
2871,31,51,3
2872,31,52,4
2873,31,53,4
2874,31,54,3
2875,31,55,2
2876,31,56,4
2877,31,57,3
2878,31,58,2
2879,31,59,2
2880,31,60,2
2881,31,61,3
2882,31,62,3
2883,31,63,2
2884,31,64,3
2885,31,65,4
2886,31,66,4
2887,31,67,3
2888,31,68,2
2889,31,69,4
2890,31,70,4
2891,31,71,3
2892,31,72,4
2893,31,73,2
2894,31,74,3
2895,31,75,4
2896,31,76,3
2897,31,77,4
2898,31,78,2
2899,31,79,4
2900,31,80,4
2901,31,81,4
2902,31,82,2
2903,31,83,2
2904,31,84,4
2905,31,85,2
2906,31,86,3
2907,31,87,4
2908,31,88,3
2909,31,89,4
2910,31,90,2
2911,31,91,3
2912,31,92,2
2913,31,93,2
2914,31,94,2
2915,32,1,3
2916,32,2,2
2917,32,3,1
2918,32,4,3
2919,32,5,2
2920,32,6,2
2921,32,7,2
2922,32,8,1
2923,32,9,2
2924,32,10,2
2925,32,11,3
2926,32,12,1
2927,32,13,3
2928,32,14,1
2929,32,15,2
2930,32,16,3
2931,32,17,3
2932,32,18,3
2933,32,19,1
2934,32,20,1
2935,32,21,3
2936,32,22,2
2937,32,23,2
2938,32,24,2
2939,32,25,3
2940,32,26,3
2941,32,27,1
2942,32,28,2
2943,32,29,1
2944,32,30,1
2945,32,31,1
2946,32,32,1
2947,32,33,3
2948,32,34,3
2949,32,35,2
2950,32,36,4
2951,32,37,3
2952,32,38,4
2953,32,39,3
2954,32,40,2
2955,32,41,3
2956,32,42,2
2957,32,43,2
2958,32,44,4
2959,32,45,2
2960,32,46,2
2961,32,47,2
2962,32,48,2
2963,32,49,3
2964,32,50,3
2965,32,51,4
2966,32,52,4
2967,32,53,3
2968,32,54,2
2969,32,55,3
2970,32,56,3
2971,32,57,3
2972,32,58,2
2973,32,59,2
2974,32,60,2
2975,32,61,3
2976,32,62,2
2977,32,63,3
2978,32,64,2
2979,32,65,4
2980,32,66,4
2981,32,67,4
2982,32,68,4
2983,32,69,2
2984,32,70,2
2985,32,71,4
2986,32,72,3
2987,32,73,4
2988,32,74,4
2989,32,75,4
2990,32,76,4
2991,32,77,3
2992,32,78,3
2993,32,79,3
2994,32,80,2
2995,32,81,3
2996,32,82,2
2997,32,83,2
2998,32,84,2
2999,32,85,3
3000,32,86,4
3001,32,87,3
3002,32,88,4
3003,32,89,4
3004,32,90,2
3005,32,91,4
3006,32,92,2
3007,32,93,2
3008,32,94,4
3009,33,1,1
3010,33,2,3
3011,33,3,3
3012,33,4,2
3013,33,5,2
3014,33,6,1
3015,33,7,2
3016,33,8,1
3017,33,9,1
3018,33,10,2
3019,33,11,2
3020,33,12,2
3021,33,13,3
3022,33,14,2
3023,33,15,2
3024,33,16,1
3025,33,17,2
3026,33,18,3
3027,33,19,3
3028,33,20,3
3029,33,21,2
3030,33,22,2
3031,33,23,1
3032,33,24,2
3033,33,25,3
3034,33,26,3
3035,33,27,2
3036,33,28,3
3037,33,29,1
3038,33,30,1
3039,33,31,1
3040,33,32,2
3041,33,33,2
3042,33,34,2
3043,33,35,3
3044,33,36,2
3045,33,37,4
3046,33,38,2
3047,33,39,4
3048,33,40,3
3049,33,41,3
3050,33,42,2
3051,33,43,2
3052,33,44,3
3053,33,45,2
3054,33,46,3
3055,33,47,4
3056,33,48,2
3057,33,49,2
3058,33,50,3
3059,33,51,2
3060,33,52,4
3061,33,53,2
3062,33,54,3
3063,33,55,3
3064,33,56,4
3065,33,57,4
3066,33,58,2
3067,33,59,4
3068,33,60,4
3069,33,61,3
3070,33,62,3
3071,33,63,3
3072,33,64,2
3073,33,65,2
3074,33,66,4
3075,33,67,3
3076,33,68,3
3077,33,69,3
3078,33,70,3
3079,33,71,3
3080,33,72,3
3081,33,73,3
3082,33,74,4
3083,33,75,4
3084,33,76,4
3085,33,77,2
3086,33,78,4
3087,33,79,2
3088,33,80,3
3089,33,81,3
3090,33,82,4
3091,33,83,4
3092,33,84,3
3093,33,85,3
3094,33,86,4
3095,33,87,2
3096,33,88,2
3097,33,89,3
3098,33,90,3
3099,33,91,2
3100,33,92,3
3101,33,93,3
3102,33,94,3
3103,34,1,2
3104,34,2,1
3105,34,3,3
3106,34,4,2
3107,34,5,3
3108,34,6,3
3109,34,7,3
3110,34,8,2
3111,34,9,3
3112,34,10,3
3113,34,11,2
3114,34,12,3
3115,34,13,2
3116,34,14,1
3117,34,15,3
3118,34,16,1
3119,34,17,3
3120,34,18,3
3121,34,19,3
3122,34,20,2
3123,34,21,3
3124,34,22,3
3125,34,23,2
3126,34,24,1
3127,34,25,2
3128,34,26,3
3129,34,27,1
3130,34,28,1
3131,34,29,2
3132,34,30,1
3133,34,31,1
3134,34,32,2
3135,34,33,3
3136,34,34,4
3137,34,35,4
3138,34,36,2
3139,34,37,2
3140,34,38,3
3141,34,39,4
3142,34,40,3
3143,34,41,3
3144,34,42,4
3145,34,43,2
3146,34,44,2
3147,34,45,4
3148,34,46,2
3149,34,47,4
3150,34,48,3
3151,34,49,2
3152,34,50,2
3153,34,51,2
3154,34,52,4
3155,34,53,3
3156,34,54,2
3157,34,55,4
3158,34,56,2
3159,34,57,2
3160,34,58,2
3161,34,59,4
3162,34,60,2
3163,34,61,4
3164,34,62,3
3165,34,63,3
3166,34,64,4
3167,34,65,4
3168,34,66,3
3169,34,67,2
3170,34,68,4
3171,34,69,3
3172,34,70,3
3173,34,71,2
3174,34,72,4
3175,34,73,2
3176,34,74,3
3177,34,75,4
3178,34,76,3
3179,34,77,4
3180,34,78,3
3181,34,79,2
3182,34,80,2
3183,34,81,4
3184,34,82,2
3185,34,83,2
3186,34,84,4
3187,34,85,3
3188,34,86,2
3189,34,87,3
3190,34,88,4
3191,34,89,2
3192,34,90,4
3193,34,91,3
3194,34,92,2
3195,34,93,3
3196,34,94,4
3197,35,1,3
3198,35,2,2
3199,35,3,1
3200,35,4,3
3201,35,5,3
3202,35,6,1
3203,35,7,2
3204,35,8,1
3205,35,9,3
3206,35,10,3
3207,35,11,2
3208,35,12,3
3209,35,13,2
3210,35,14,2
3211,35,15,1
3212,35,16,2
3213,35,17,3
3214,35,18,3
3215,35,19,3
3216,35,20,1
3217,35,21,3
3218,35,22,1
3219,35,23,3
3220,35,24,2
3221,35,25,1
3222,35,26,1
3223,35,27,2
3224,35,28,2
3225,35,29,3
3226,35,30,3
3227,35,31,1
3228,35,32,1
3229,35,33,3
3230,35,34,3
3231,35,35,2
3232,35,36,3
3233,35,37,4
3234,35,38,3
3235,35,39,3
3236,35,40,4
3237,35,41,4
3238,35,42,3
3239,35,43,2
3240,35,44,2
3241,35,45,4
3242,35,46,2
3243,35,47,4
3244,35,48,2
3245,35,49,3
3246,35,50,2
3247,35,51,3
3248,35,52,3
3249,35,53,2
3250,35,54,3
3251,35,55,4
3252,35,56,4
3253,35,57,3
3254,35,58,3
3255,35,59,3
3256,35,60,2
3257,35,61,4
3258,35,62,4
3259,35,63,2
3260,35,64,4
3261,35,65,2
3262,35,66,4
3263,35,67,4
3264,35,68,3
3265,35,69,2
3266,35,70,4
3267,35,71,4
3268,35,72,2
3269,35,73,2
3270,35,74,4
3271,35,75,3
3272,35,76,4
3273,35,77,2
3274,35,78,2
3275,35,79,3
3276,35,80,4
3277,35,81,2
3278,35,82,4
3279,35,83,4
3280,35,84,2
3281,35,85,3
3282,35,86,4
3283,35,87,2
3284,35,88,4
3285,35,89,4
3286,35,90,3
3287,35,91,3
3288,35,92,3
3289,35,93,2
3290,35,94,3
3291,36,1,3
3292,36,2,3
3293,36,3,2
3294,36,4,2
3295,36,5,1
3296,36,6,2
3297,36,7,3
3298,36,8,2
3299,36,9,2
3300,36,10,1
3301,36,11,2
3302,36,12,3
3303,36,13,2
3304,36,14,2
3305,36,15,1
3306,36,16,2
3307,36,17,1
3308,36,18,3
3309,36,19,3
3310,36,20,1
3311,36,21,1
3312,36,22,1
3313,36,23,3
3314,36,24,2
3315,36,25,3
3316,36,26,3
3317,36,27,3
3318,36,28,1
3319,36,29,2
3320,36,30,3
3321,36,31,2
3322,36,32,1
3323,36,33,2
3324,36,34,4
3325,36,35,4
3326,36,36,2
3327,36,37,4
3328,36,38,4
3329,36,39,4
3330,36,40,4
3331,36,41,3
3332,36,42,3
3333,36,43,4
3334,36,44,3
3335,36,45,3
3336,36,46,2
3337,36,47,3
3338,36,48,3
3339,36,49,4
3340,36,50,2
3341,36,51,4
3342,36,52,4
3343,36,53,2
3344,36,54,4
3345,36,55,2
3346,36,56,2
3347,36,57,4
3348,36,58,3
3349,36,59,2
3350,36,60,4
3351,36,61,3
3352,36,62,3
3353,36,63,4
3354,36,64,2
3355,36,65,2
3356,36,66,4
3357,36,67,4
3358,36,68,4
3359,36,69,3
3360,36,70,3
3361,36,71,4
3362,36,72,4
3363,36,73,2
3364,36,74,2
3365,36,75,3
3366,36,76,3
3367,36,77,3
3368,36,78,3
3369,36,79,4
3370,36,80,3
3371,36,81,2
3372,36,82,2
3373,36,83,4
3374,36,84,4
3375,36,85,3
3376,36,86,2
3377,36,87,4
3378,36,88,3
3379,36,89,2
3380,36,90,2
3381,36,91,3
3382,36,92,2
3383,36,93,3
3384,36,94,3
3385,37,1,3
3386,37,2,2
3387,37,3,3
3388,37,4,2
3389,37,5,3
3390,37,6,1
3391,37,7,3
3392,37,8,2
3393,37,9,1
3394,37,10,3
3395,37,11,1
3396,37,12,1
3397,37,13,2
3398,37,14,3
3399,37,15,1
3400,37,16,3
3401,37,17,3
3402,37,18,2
3403,37,19,2
3404,37,20,2
3405,37,21,1
3406,37,22,2
3407,37,23,2
3408,37,24,1
3409,37,25,3
3410,37,26,2
3411,37,27,1
3412,37,28,1
3413,37,29,1
3414,37,30,3
3415,37,31,2
3416,37,32,2
3417,37,33,2
3418,37,34,2
3419,37,35,2
3420,37,36,4
3421,37,37,2
3422,37,38,4
3423,37,39,4
3424,37,40,4
3425,37,41,4
3426,37,42,4
3427,37,43,2
3428,37,44,3
3429,37,45,2
3430,37,46,2
3431,37,47,3
3432,37,48,4
3433,37,49,4
3434,37,50,2
3435,37,51,4
3436,37,52,4
3437,37,53,4
3438,37,54,2
3439,37,55,4
3440,37,56,4
3441,37,57,4
3442,37,58,4
3443,37,59,4
3444,37,60,2
3445,37,61,3
3446,37,62,3
3447,37,63,2
3448,37,64,4
3449,37,65,2
3450,37,66,3
3451,37,67,4
3452,37,68,4
3453,37,69,3
3454,37,70,3
3455,37,71,2
3456,37,72,4
3457,37,73,2
3458,37,74,4
3459,37,75,3
3460,37,76,3
3461,37,77,4
3462,37,78,4
3463,37,79,4
3464,37,80,3
3465,37,81,2
3466,37,82,2
3467,37,83,3
3468,37,84,2
3469,37,85,3
3470,37,86,3
3471,37,87,4
3472,37,88,3
3473,37,89,3
3474,37,90,4
3475,37,91,3
3476,37,92,2
3477,37,93,3
3478,37,94,2
3479,38,1,3
3480,38,2,2
3481,38,3,1
3482,38,4,2
3483,38,5,3
3484,38,6,1
3485,38,7,2
3486,38,8,3
3487,38,9,2
3488,38,10,1
3489,38,11,1
3490,38,12,3
3491,38,13,1
3492,38,14,1
3493,38,15,3
3494,38,16,1
3495,38,17,1
3496,38,18,1
3497,38,19,1
3498,38,20,3
3499,38,21,1
3500,38,22,1
3501,38,23,3
3502,38,24,2
3503,38,25,1
3504,38,26,2
3505,38,27,1
3506,38,28,3
3507,38,29,1
3508,38,30,2
3509,38,31,3
3510,38,32,1
3511,38,33,2
3512,38,34,4
3513,38,35,3
3514,38,36,4
3515,38,37,4
3516,38,38,2
3517,38,39,4
3518,38,40,2
3519,38,41,3
3520,38,42,4
3521,38,43,2
3522,38,44,3
3523,38,45,3
3524,38,46,4
3525,38,47,3
3526,38,48,2
3527,38,49,2
3528,38,50,2
3529,38,51,4
3530,38,52,4
3531,38,53,3
3532,38,54,3
3533,38,55,4
3534,38,56,2
3535,38,57,2
3536,38,58,3
3537,38,59,2
3538,38,60,3
3539,38,61,2
3540,38,62,2
3541,38,63,4
3542,38,64,4
3543,38,65,2
3544,38,66,4
3545,38,67,4
3546,38,68,2
3547,38,69,2
3548,38,70,3
3549,38,71,4
3550,38,72,4
3551,38,73,4
3552,38,74,3
3553,38,75,3
3554,38,76,4
3555,38,77,2
3556,38,78,3
3557,38,79,2
3558,38,80,2
3559,38,81,3
3560,38,82,3
3561,38,83,4
3562,38,84,4
3563,38,85,3
3564,38,86,2
3565,38,87,2
3566,38,88,4
3567,38,89,3
3568,38,90,3
3569,38,91,3
3570,38,92,3
3571,38,93,4
3572,38,94,2
3573,39,1,1
3574,39,2,1
3575,39,3,2
3576,39,4,1
3577,39,5,1
3578,39,6,3
3579,39,7,3
3580,39,8,2
3581,39,9,1
3582,39,10,1
3583,39,11,1
3584,39,12,3
3585,39,13,2
3586,39,14,3
3587,39,15,2
3588,39,16,1
3589,39,17,3
3590,39,18,3
3591,39,19,2
3592,39,20,1
3593,39,21,3
3594,39,22,3
3595,39,23,3
3596,39,24,1
3597,39,25,1
3598,39,26,2
3599,39,27,1
3600,39,28,2
3601,39,29,1
3602,39,30,3
3603,39,31,3
3604,39,32,1
3605,39,33,3
3606,39,34,2
3607,39,35,2
3608,39,36,3
3609,39,37,2
3610,39,38,2
3611,39,39,4
3612,39,40,4
3613,39,41,2
3614,39,42,2
3615,39,43,3
3616,39,44,4
3617,39,45,4
3618,39,46,3
3619,39,47,2
3620,39,48,3
3621,39,49,3
3622,39,50,2
3623,39,51,3
3624,39,52,3
3625,39,53,3
3626,39,54,3
3627,39,55,4
3628,39,56,2
3629,39,57,2
3630,39,58,3
3631,39,59,2
3632,39,60,3
3633,39,61,4
3634,39,62,3
3635,39,63,4
3636,39,64,2
3637,39,65,2
3638,39,66,3
3639,39,67,3
3640,39,68,4
3641,39,69,4
3642,39,70,3
3643,39,71,4
3644,39,72,4
3645,39,73,2
3646,39,74,2
3647,39,75,3
3648,39,76,2
3649,39,77,3
3650,39,78,4
3651,39,79,4
3652,39,80,4
3653,39,81,2
3654,39,82,2
3655,39,83,4
3656,39,84,3
3657,39,85,4
3658,39,86,4
3659,39,87,3
3660,39,88,4
3661,39,89,4
3662,39,90,3
3663,39,91,2
3664,39,92,4
3665,39,93,3
3666,39,94,2
3667,40,1,3
3668,40,2,1
3669,40,3,3
3670,40,4,3
3671,40,5,1
3672,40,6,1
3673,40,7,1
3674,40,8,3
3675,40,9,1
3676,40,10,3
3677,40,11,3
3678,40,12,2
3679,40,13,1
3680,40,14,2
3681,40,15,2
3682,40,16,3
3683,40,17,1
3684,40,18,1
3685,40,19,1
3686,40,20,3
3687,40,21,3
3688,40,22,1
3689,40,23,2
3690,40,24,3
3691,40,25,3
3692,40,26,1
3693,40,27,2
3694,40,28,1
3695,40,29,3
3696,40,30,1
3697,40,31,3
3698,40,32,1
3699,40,33,4
3700,40,34,3
3701,40,35,4
3702,40,36,4
3703,40,37,3
3704,40,38,4
3705,40,39,2
3706,40,40,3
3707,40,41,2
3708,40,42,3
3709,40,43,4
3710,40,44,2
3711,40,45,2
3712,40,46,2
3713,40,47,2
3714,40,48,4
3715,40,49,3
3716,40,50,3
3717,40,51,3
3718,40,52,4
3719,40,53,4
3720,40,54,2
3721,40,55,4
3722,40,56,2
3723,40,57,4
3724,40,58,3
3725,40,59,3
3726,40,60,3
3727,40,61,4
3728,40,62,3
3729,40,63,2
3730,40,64,3
3731,40,65,3
3732,40,66,4
3733,40,67,3
3734,40,68,4
3735,40,69,3
3736,40,70,2
3737,40,71,4
3738,40,72,3
3739,40,73,4
3740,40,74,4
3741,40,75,2
3742,40,76,2
3743,40,77,2
3744,40,78,2
3745,40,79,2
3746,40,80,3
3747,40,81,4
3748,40,82,4
3749,40,83,3
3750,40,84,3
3751,40,85,3
3752,40,86,2
3753,40,87,3
3754,40,88,2
3755,40,89,4
3756,40,90,3
3757,40,91,4
3758,40,92,3
3759,40,93,3
3760,40,94,3
3761,41,1,1
3762,41,2,1
3763,41,3,2
3764,41,4,3
3765,41,5,3
3766,41,6,3
3767,41,7,2
3768,41,8,1
3769,41,9,2
3770,41,10,2
3771,41,11,1
3772,41,12,2
3773,41,13,1
3774,41,14,2
3775,41,15,3
3776,41,16,1
3777,41,17,1
3778,41,18,2
3779,41,19,3
3780,41,20,2
3781,41,21,1
3782,41,22,2
3783,41,23,2
3784,41,24,2
3785,41,25,2
3786,41,26,2
3787,41,27,2
3788,41,28,1
3789,41,29,2
3790,41,30,2
3791,41,31,3
3792,41,32,1
3793,41,33,3
3794,41,34,4
3795,41,35,4
3796,41,36,4
3797,41,37,2
3798,41,38,2
3799,41,39,2
3800,41,40,2
3801,41,41,3
3802,41,42,2
3803,41,43,3
3804,41,44,2
3805,41,45,3
3806,41,46,3
3807,41,47,2
3808,41,48,3
3809,41,49,4
3810,41,50,4
3811,41,51,2
3812,41,52,2
3813,41,53,4
3814,41,54,3
3815,41,55,3
3816,41,56,2
3817,41,57,2
3818,41,58,2
3819,41,59,4
3820,41,60,2
3821,41,61,3
3822,41,62,4
3823,41,63,3
3824,41,64,4
3825,41,65,2
3826,41,66,3
3827,41,67,2
3828,41,68,3
3829,41,69,4
3830,41,70,2
3831,41,71,2
3832,41,72,3
3833,41,73,2
3834,41,74,2
3835,41,75,3
3836,41,76,4
3837,41,77,4
3838,41,78,4
3839,41,79,4
3840,41,80,2
3841,41,81,4
3842,41,82,2
3843,41,83,2
3844,41,84,2
3845,41,85,4
3846,41,86,4
3847,41,87,3
3848,41,88,4
3849,41,89,2
3850,41,90,3
3851,41,91,4
3852,41,92,2
3853,41,93,3
3854,41,94,3
3855,42,1,3
3856,42,2,3
3857,42,3,2
3858,42,4,3
3859,42,5,2
3860,42,6,1
3861,42,7,2
3862,42,8,2
3863,42,9,2
3864,42,10,3
3865,42,11,3
3866,42,12,3
3867,42,13,3
3868,42,14,3
3869,42,15,2
3870,42,16,2
3871,42,17,2
3872,42,18,2
3873,42,19,1
3874,42,20,1
3875,42,21,3
3876,42,22,2
3877,42,23,2
3878,42,24,1
3879,42,25,2
3880,42,26,2
3881,42,27,1
3882,42,28,1
3883,42,29,3
3884,42,30,1
3885,42,31,2
3886,42,32,2
3887,42,33,4
3888,42,34,3
3889,42,35,3
3890,42,36,2
3891,42,37,3
3892,42,38,3
3893,42,39,3
3894,42,40,2
3895,42,41,4
3896,42,42,2
3897,42,43,2
3898,42,44,4
3899,42,45,4
3900,42,46,2
3901,42,47,2
3902,42,48,4
3903,42,49,2
3904,42,50,2
3905,42,51,2
3906,42,52,4
3907,42,53,3
3908,42,54,4
3909,42,55,2
3910,42,56,2
3911,42,57,3
3912,42,58,3
3913,42,59,2
3914,42,60,2
3915,42,61,3
3916,42,62,2
3917,42,63,3
3918,42,64,3
3919,42,65,2
3920,42,66,2
3921,42,67,2
3922,42,68,3
3923,42,69,2
3924,42,70,4
3925,42,71,3
3926,42,72,4
3927,42,73,3
3928,42,74,4
3929,42,75,3
3930,42,76,2
3931,42,77,3
3932,42,78,4
3933,42,79,2
3934,42,80,4
3935,42,81,3
3936,42,82,3
3937,42,83,2
3938,42,84,2
3939,42,85,3
3940,42,86,3
3941,42,87,2
3942,42,88,2
3943,42,89,2
3944,42,90,2
3945,42,91,3
3946,42,92,2
3947,42,93,2
3948,42,94,4
3949,43,1,2
3950,43,2,1
3951,43,3,2
3952,43,4,1
3953,43,5,2
3954,43,6,1
3955,43,7,2
3956,43,8,3
3957,43,9,1
3958,43,10,3
3959,43,11,2
3960,43,12,2
3961,43,13,2
3962,43,14,1
3963,43,15,3
3964,43,16,3
3965,43,17,2
3966,43,18,2
3967,43,19,2
3968,43,20,1
3969,43,21,1
3970,43,22,3
3971,43,23,1
3972,43,24,3
3973,43,25,1
3974,43,26,1
3975,43,27,3
3976,43,28,2
3977,43,29,3
3978,43,30,1
3979,43,31,2
3980,43,32,1
3981,43,33,3
3982,43,34,2
3983,43,35,3
3984,43,36,2
3985,43,37,2
3986,43,38,4
3987,43,39,4
3988,43,40,4
3989,43,41,4
3990,43,42,2
3991,43,43,3
3992,43,44,3
3993,43,45,4
3994,43,46,3
3995,43,47,4
3996,43,48,2
3997,43,49,4
3998,43,50,3
3999,43,51,3
4000,43,52,4
4001,43,53,4
4002,43,54,3
4003,43,55,3
4004,43,56,2
4005,43,57,2
4006,43,58,3
4007,43,59,2
4008,43,60,2
4009,43,61,3
4010,43,62,4
4011,43,63,4
4012,43,64,2
4013,43,65,3
4014,43,66,2
4015,43,67,4
4016,43,68,2
4017,43,69,4
4018,43,70,3
4019,43,71,3
4020,43,72,4
4021,43,73,4
4022,43,74,2
4023,43,75,2
4024,43,76,3
4025,43,77,4
4026,43,78,4
4027,43,79,2
4028,43,80,2
4029,43,81,3
4030,43,82,3
4031,43,83,4
4032,43,84,2
4033,43,85,4
4034,43,86,3
4035,43,87,2
4036,43,88,3
4037,43,89,4
4038,43,90,3
4039,43,91,4
4040,43,92,2
4041,43,93,2
4042,43,94,2
4043,44,1,3
4044,44,2,1
4045,44,3,1
4046,44,4,1
4047,44,5,1
4048,44,6,3
4049,44,7,1
4050,44,8,1
4051,44,9,3
4052,44,10,3
4053,44,11,2
4054,44,12,2
4055,44,13,3
4056,44,14,1
4057,44,15,3
4058,44,16,2
4059,44,17,1
4060,44,18,3
4061,44,19,3
4062,44,20,2
4063,44,21,2
4064,44,22,2
4065,44,23,1
4066,44,24,1
4067,44,25,1
4068,44,26,1
4069,44,27,2
4070,44,28,3
4071,44,29,3
4072,44,30,1
4073,44,31,1
4074,44,32,2
4075,44,33,3
4076,44,34,2
4077,44,35,3
4078,44,36,2
4079,44,37,4
4080,44,38,3
4081,44,39,4
4082,44,40,3
4083,44,41,3
4084,44,42,3
4085,44,43,4
4086,44,44,3
4087,44,45,2
4088,44,46,3
4089,44,47,4
4090,44,48,4
4091,44,49,4
4092,44,50,2
4093,44,51,4
4094,44,52,3
4095,44,53,3
4096,44,54,4
4097,44,55,3
4098,44,56,4
4099,44,57,4
4100,44,58,4
4101,44,59,2
4102,44,60,3
4103,44,61,4
4104,44,62,2
4105,44,63,2
4106,44,64,4
4107,44,65,3
4108,44,66,2
4109,44,67,4
4110,44,68,4
4111,44,69,2
4112,44,70,2
4113,44,71,2
4114,44,72,2
4115,44,73,3
4116,44,74,3
4117,44,75,2
4118,44,76,2
4119,44,77,2
4120,44,78,3
4121,44,79,2
4122,44,80,3
4123,44,81,4
4124,44,82,2
4125,44,83,3
4126,44,84,2
4127,44,85,2
4128,44,86,4
4129,44,87,3
4130,44,88,2
4131,44,89,2
4132,44,90,4
4133,44,91,3
4134,44,92,4
4135,44,93,4
4136,44,94,3
4137,45,1,2
4138,45,2,1
4139,45,3,2
4140,45,4,2
4141,45,5,1
4142,45,6,2
4143,45,7,1
4144,45,8,3
4145,45,9,2
4146,45,10,1
4147,45,11,2
4148,45,12,3
4149,45,13,3
4150,45,14,1
4151,45,15,3
4152,45,16,2
4153,45,17,1
4154,45,18,1
4155,45,19,3
4156,45,20,2
4157,45,21,2
4158,45,22,3
4159,45,23,2
4160,45,24,1
4161,45,25,2
4162,45,26,2
4163,45,27,3
4164,45,28,2
4165,45,29,1
4166,45,30,2
4167,45,31,2
4168,45,32,1
4169,45,33,2
4170,45,34,2
4171,45,35,3
4172,45,36,4
4173,45,37,2
4174,45,38,2
4175,45,39,3
4176,45,40,4
4177,45,41,4
4178,45,42,3
4179,45,43,2
4180,45,44,2
4181,45,45,3
4182,45,46,3
4183,45,47,4
4184,45,48,2
4185,45,49,3
4186,45,50,3
4187,45,51,2
4188,45,52,4
4189,45,53,4
4190,45,54,3
4191,45,55,2
4192,45,56,3
4193,45,57,3
4194,45,58,3
4195,45,59,3
4196,45,60,4
4197,45,61,3
4198,45,62,3
4199,45,63,2
4200,45,64,3
4201,45,65,2
4202,45,66,4
4203,45,67,4
4204,45,68,4
4205,45,69,2
4206,45,70,4
4207,45,71,3
4208,45,72,2
4209,45,73,4
4210,45,74,3
4211,45,75,2
4212,45,76,4
4213,45,77,2
4214,45,78,2
4215,45,79,4
4216,45,80,2
4217,45,81,2
4218,45,82,4
4219,45,83,3
4220,45,84,3
4221,45,85,2
4222,45,86,2
4223,45,87,3
4224,45,88,3
4225,45,89,4
4226,45,90,4
4227,45,91,4
4228,45,92,2
4229,45,93,2
4230,45,94,4
4231,46,1,2
4232,46,2,2
4233,46,3,2
4234,46,4,2
4235,46,5,3
4236,46,6,1
4237,46,7,3
4238,46,8,2
4239,46,9,1
4240,46,10,2
4241,46,11,3
4242,46,12,2
4243,46,13,2
4244,46,14,2
4245,46,15,3
4246,46,16,2
4247,46,17,2
4248,46,18,2
4249,46,19,2
4250,46,20,1
4251,46,21,1
4252,46,22,2
4253,46,23,2
4254,46,24,1
4255,46,25,2
4256,46,26,1
4257,46,27,1
4258,46,28,1
4259,46,29,3
4260,46,30,1
4261,46,31,3
4262,46,32,3
4263,46,33,3
4264,46,34,3
4265,46,35,4
4266,46,36,4
4267,46,37,3
4268,46,38,2
4269,46,39,4
4270,46,40,3
4271,46,41,4
4272,46,42,2
4273,46,43,3
4274,46,44,2
4275,46,45,2
4276,46,46,4
4277,46,47,4
4278,46,48,2
4279,46,49,3
4280,46,50,3
4281,46,51,4
4282,46,52,3
4283,46,53,2
4284,46,54,4
4285,46,55,2
4286,46,56,4
4287,46,57,3
4288,46,58,2
4289,46,59,4
4290,46,60,2
4291,46,61,2
4292,46,62,3
4293,46,63,3
4294,46,64,4
4295,46,65,2
4296,46,66,3
4297,46,67,3
4298,46,68,3
4299,46,69,4
4300,46,70,3
4301,46,71,3
4302,46,72,2
4303,46,73,3
4304,46,74,4
4305,46,75,3
4306,46,76,4
4307,46,77,3
4308,46,78,3
4309,46,79,2
4310,46,80,4
4311,46,81,2
4312,46,82,4
4313,46,83,2
4314,46,84,3
4315,46,85,2
4316,46,86,3
4317,46,87,2
4318,46,88,2
4319,46,89,4
4320,46,90,2
4321,46,91,3
4322,46,92,4
4323,46,93,2
4324,46,94,3
4325,47,1,3
4326,47,2,3
4327,47,3,3
4328,47,4,3
4329,47,5,1
4330,47,6,3
4331,47,7,3
4332,47,8,1
4333,47,9,2
4334,47,10,3
4335,47,11,3
4336,47,12,3
4337,47,13,2
4338,47,14,1
4339,47,15,3
4340,47,16,1
4341,47,17,1
4342,47,18,3
4343,47,19,3
4344,47,20,2
4345,47,21,2
4346,47,22,1
4347,47,23,3
4348,47,24,2
4349,47,25,1
4350,47,26,2
4351,47,27,1
4352,47,28,1
4353,47,29,1
4354,47,30,3
4355,47,31,1
4356,47,32,3
4357,47,33,4
4358,47,34,2
4359,47,35,2
4360,47,36,2
4361,47,37,4
4362,47,38,3
4363,47,39,4
4364,47,40,3
4365,47,41,3
4366,47,42,3
4367,47,43,4
4368,47,44,4
4369,47,45,4
4370,47,46,4
4371,47,47,3
4372,47,48,4
4373,47,49,4
4374,47,50,4
4375,47,51,3
4376,47,52,4
4377,47,53,2
4378,47,54,4
4379,47,55,2
4380,47,56,3
4381,47,57,2
4382,47,58,4
4383,47,59,4
4384,47,60,3
4385,47,61,3
4386,47,62,3
4387,47,63,4
4388,47,64,2
4389,47,65,2
4390,47,66,4
4391,47,67,4
4392,47,68,4
4393,47,69,2
4394,47,70,2
4395,47,71,4
4396,47,72,3
4397,47,73,3
4398,47,74,4
4399,47,75,2
4400,47,76,3
4401,47,77,3
4402,47,78,4
4403,47,79,4
4404,47,80,2
4405,47,81,4
4406,47,82,4
4407,47,83,4
4408,47,84,4
4409,47,85,4
4410,47,86,4
4411,47,87,2
4412,47,88,2
4413,47,89,3
4414,47,90,3
4415,47,91,2
4416,47,92,4
4417,47,93,3
4418,47,94,3
4419,48,1,3
4420,48,2,2
4421,48,3,2
4422,48,4,3
4423,48,5,3
4424,48,6,1
4425,48,7,2
4426,48,8,2
4427,48,9,2
4428,48,10,3
4429,48,11,3
4430,48,12,2
4431,48,13,1
4432,48,14,1
4433,48,15,1
4434,48,16,1
4435,48,17,1
4436,48,18,1
4437,48,19,2
4438,48,20,1
4439,48,21,1
4440,48,22,2
4441,48,23,2
4442,48,24,1
4443,48,25,1
4444,48,26,2
4445,48,27,3
4446,48,28,3
4447,48,29,3
4448,48,30,1
4449,48,31,2
4450,48,32,3
4451,48,33,3
4452,48,34,4
4453,48,35,2
4454,48,36,4
4455,48,37,2
4456,48,38,3
4457,48,39,4
4458,48,40,3
4459,48,41,3
4460,48,42,4
4461,48,43,2
4462,48,44,3
4463,48,45,4
4464,48,46,3
4465,48,47,3
4466,48,48,4
4467,48,49,2
4468,48,50,3
4469,48,51,4
4470,48,52,3
4471,48,53,3
4472,48,54,4
4473,48,55,2
4474,48,56,4
4475,48,57,2
4476,48,58,2
4477,48,59,2
4478,48,60,4
4479,48,61,3
4480,48,62,3
4481,48,63,4
4482,48,64,3
4483,48,65,4
4484,48,66,3
4485,48,67,2
4486,48,68,2
4487,48,69,2
4488,48,70,4
4489,48,71,2
4490,48,72,4
4491,48,73,4
4492,48,74,3
4493,48,75,2
4494,48,76,2
4495,48,77,3
4496,48,78,4
4497,48,79,2
4498,48,80,3
4499,48,81,2
4500,48,82,3
4501,48,83,4
4502,48,84,2
4503,48,85,4
4504,48,86,3
4505,48,87,2
4506,48,88,2
4507,48,89,3
4508,48,90,4
4509,48,91,2
4510,48,92,2
4511,48,93,3
4512,48,94,3
4513,49,1,2
4514,49,2,3
4515,49,3,2
4516,49,4,1
4517,49,5,3
4518,49,6,2
4519,49,7,2
4520,49,8,1
4521,49,9,2
4522,49,10,2
4523,49,11,2
4524,49,12,3
4525,49,13,1
4526,49,14,3
4527,49,15,3
4528,49,16,2
4529,49,17,2
4530,49,18,1
4531,49,19,3
4532,49,20,2
4533,49,21,3
4534,49,22,2
4535,49,23,3
4536,49,24,2
4537,49,25,2
4538,49,26,2
4539,49,27,3
4540,49,28,2
4541,49,29,2
4542,49,30,3
4543,49,31,1
4544,49,32,1
4545,49,33,4
4546,49,34,2
4547,49,35,2
4548,49,36,2
4549,49,37,3
4550,49,38,3
4551,49,39,3
4552,49,40,4
4553,49,41,4
4554,49,42,4
4555,49,43,4
4556,49,44,4
4557,49,45,3
4558,49,46,3
4559,49,47,4
4560,49,48,4
4561,49,49,2
4562,49,50,4
4563,49,51,3
4564,49,52,4
4565,49,53,3
4566,49,54,2
4567,49,55,4
4568,49,56,2
4569,49,57,3
4570,49,58,3
4571,49,59,4
4572,49,60,2
4573,49,61,4
4574,49,62,4
4575,49,63,3
4576,49,64,3
4577,49,65,4
4578,49,66,3
4579,49,67,2
4580,49,68,2
4581,49,69,4
4582,49,70,2
4583,49,71,3
4584,49,72,4
4585,49,73,4
4586,49,74,4
4587,49,75,2
4588,49,76,3
4589,49,77,4
4590,49,78,2
4591,49,79,4
4592,49,80,2
4593,49,81,3
4594,49,82,3
4595,49,83,3
4596,49,84,2
4597,49,85,4
4598,49,86,2
4599,49,87,3
4600,49,88,4
4601,49,89,4
4602,49,90,3
4603,49,91,4
4604,49,92,3
4605,49,93,2
4606,49,94,2
4607,50,1,3
4608,50,2,2
4609,50,3,3
4610,50,4,3
4611,50,5,3
4612,50,6,1
4613,50,7,2
4614,50,8,3
4615,50,9,2
4616,50,10,2
4617,50,11,1
4618,50,12,1
4619,50,13,3
4620,50,14,1
4621,50,15,1
4622,50,16,1
4623,50,17,3
4624,50,18,2
4625,50,19,1
4626,50,20,2
4627,50,21,2
4628,50,22,2
4629,50,23,1
4630,50,24,3
4631,50,25,2
4632,50,26,3
4633,50,27,2
4634,50,28,1
4635,50,29,2
4636,50,30,3
4637,50,31,3
4638,50,32,1
4639,50,33,3
4640,50,34,3
4641,50,35,2
4642,50,36,2
4643,50,37,4
4644,50,38,2
4645,50,39,4
4646,50,40,4
4647,50,41,4
4648,50,42,3
4649,50,43,4
4650,50,44,4
4651,50,45,2
4652,50,46,4
4653,50,47,2
4654,50,48,4
4655,50,49,2
4656,50,50,3
4657,50,51,3
4658,50,52,3
4659,50,53,3
4660,50,54,3
4661,50,55,4
4662,50,56,4
4663,50,57,3
4664,50,58,4
4665,50,59,2
4666,50,60,2
4667,50,61,2
4668,50,62,3
4669,50,63,2
4670,50,64,3
4671,50,65,2
4672,50,66,2
4673,50,67,4
4674,50,68,2
4675,50,69,3
4676,50,70,3
4677,50,71,3
4678,50,72,4
4679,50,73,4
4680,50,74,4
4681,50,75,4
4682,50,76,4
4683,50,77,4
4684,50,78,2
4685,50,79,2
4686,50,80,3
4687,50,81,3
4688,50,82,3
4689,50,83,4
4690,50,84,4
4691,50,85,2
4692,50,86,4
4693,50,87,2
4694,50,88,2
4695,50,89,4
4696,50,90,4
4697,50,91,3
4698,50,92,4
4699,50,93,2
4700,50,94,2
4701,51,1,3
4702,51,2,3
4703,51,3,1
4704,51,4,3
4705,51,5,1
4706,51,6,3
4707,51,7,3
4708,51,8,1
4709,51,9,2
4710,51,10,3
4711,51,11,3
4712,51,12,1
4713,51,13,1
4714,51,14,1
4715,51,15,1
4716,51,16,2
4717,51,17,3
4718,51,18,1
4719,51,19,1
4720,51,20,1
4721,51,21,1
4722,51,22,2
4723,51,23,3
4724,51,24,3
4725,51,25,2
4726,51,26,2
4727,51,27,2
4728,51,28,1
4729,51,29,1
4730,51,30,2
4731,51,31,1
4732,51,32,2
4733,51,33,2
4734,51,34,2
4735,51,35,4
4736,51,36,2
4737,51,37,3
4738,51,38,3
4739,51,39,3
4740,51,40,4
4741,51,41,3
4742,51,42,3
4743,51,43,4
4744,51,44,3
4745,51,45,4
4746,51,46,4
4747,51,47,3
4748,51,48,2
4749,51,49,4
4750,51,50,2
4751,51,51,2
4752,51,52,4
4753,51,53,2
4754,51,54,4
4755,51,55,3
4756,51,56,4
4757,51,57,4
4758,51,58,3
4759,51,59,3
4760,51,60,2
4761,51,61,2
4762,51,62,4
4763,51,63,3
4764,51,64,2
4765,51,65,3
4766,51,66,3
4767,51,67,4
4768,51,68,3
4769,51,69,4
4770,51,70,2
4771,51,71,2
4772,51,72,3
4773,51,73,2
4774,51,74,3
4775,51,75,2
4776,51,76,3
4777,51,77,2
4778,51,78,2
4779,51,79,3
4780,51,80,3
4781,51,81,2
4782,51,82,3
4783,51,83,3
4784,51,84,2
4785,51,85,3
4786,51,86,2
4787,51,87,3
4788,51,88,3
4789,51,89,4
4790,51,90,3
4791,51,91,3
4792,51,92,4
4793,51,93,3
4794,51,94,2
4795,52,1,2
4796,52,2,3
4797,52,3,1
4798,52,4,2
4799,52,5,1
4800,52,6,3
4801,52,7,1
4802,52,8,3
4803,52,9,1
4804,52,10,2
4805,52,11,2
4806,52,12,1
4807,52,13,2
4808,52,14,1
4809,52,15,1
4810,52,16,2
4811,52,17,1
4812,52,18,2
4813,52,19,1
4814,52,20,2
4815,52,21,3
4816,52,22,2
4817,52,23,2
4818,52,24,1
4819,52,25,2
4820,52,26,2
4821,52,27,1
4822,52,28,2
4823,52,29,2
4824,52,30,2
4825,52,31,2
4826,52,32,3
4827,52,33,3
4828,52,34,3
4829,52,35,4
4830,52,36,3
4831,52,37,3
4832,52,38,3
4833,52,39,2
4834,52,40,3
4835,52,41,4
4836,52,42,3
4837,52,43,4
4838,52,44,2
4839,52,45,4
4840,52,46,3
4841,52,47,3
4842,52,48,2
4843,52,49,4
4844,52,50,4
4845,52,51,3
4846,52,52,2
4847,52,53,4
4848,52,54,3
4849,52,55,3
4850,52,56,4
4851,52,57,4
4852,52,58,4
4853,52,59,2
4854,52,60,4
4855,52,61,2
4856,52,62,3
4857,52,63,3
4858,52,64,3
4859,52,65,2
4860,52,66,4
4861,52,67,2
4862,52,68,4
4863,52,69,3
4864,52,70,3
4865,52,71,2
4866,52,72,3
4867,52,73,2
4868,52,74,2
4869,52,75,2
4870,52,76,4
4871,52,77,4
4872,52,78,2
4873,52,79,4
4874,52,80,3
4875,52,81,4
4876,52,82,3
4877,52,83,4
4878,52,84,3
4879,52,85,2
4880,52,86,4
4881,52,87,4
4882,52,88,4
4883,52,89,4
4884,52,90,2
4885,52,91,3
4886,52,92,4
4887,52,93,2
4888,52,94,4
4889,53,1,1
4890,53,2,3
4891,53,3,1
4892,53,4,1
4893,53,5,2
4894,53,6,3
4895,53,7,1
4896,53,8,3
4897,53,9,2
4898,53,10,1
4899,53,11,3
4900,53,12,3
4901,53,13,2
4902,53,14,2
4903,53,15,3
4904,53,16,2
4905,53,17,1
4906,53,18,2
4907,53,19,1
4908,53,20,3
4909,53,21,3
4910,53,22,2
4911,53,23,1
4912,53,24,3
4913,53,25,2
4914,53,26,3
4915,53,27,1
4916,53,28,2
4917,53,29,2
4918,53,30,2
4919,53,31,1
4920,53,32,2
4921,53,33,4
4922,53,34,4
4923,53,35,4
4924,53,36,3
4925,53,37,3
4926,53,38,2
4927,53,39,4
4928,53,40,3
4929,53,41,4
4930,53,42,3
4931,53,43,3
4932,53,44,4
4933,53,45,4
4934,53,46,2
4935,53,47,2
4936,53,48,4
4937,53,49,2
4938,53,50,4
4939,53,51,4
4940,53,52,3
4941,53,53,2
4942,53,54,3
4943,53,55,4
4944,53,56,3
4945,53,57,2
4946,53,58,2
4947,53,59,2
4948,53,60,3
4949,53,61,4
4950,53,62,4
4951,53,63,2
4952,53,64,2
4953,53,65,2
4954,53,66,4
4955,53,67,4
4956,53,68,3
4957,53,69,2
4958,53,70,2
4959,53,71,3
4960,53,72,4
4961,53,73,2
4962,53,74,4
4963,53,75,3
4964,53,76,2
4965,53,77,3
4966,53,78,3
4967,53,79,4
4968,53,80,2
4969,53,81,3
4970,53,82,3
4971,53,83,4
4972,53,84,3
4973,53,85,2
4974,53,86,4
4975,53,87,4
4976,53,88,3
4977,53,89,3
4978,53,90,3
4979,53,91,2
4980,53,92,4
4981,53,93,3
4982,53,94,3
4983,54,1,2
4984,54,2,2
4985,54,3,2
4986,54,4,1
4987,54,5,1
4988,54,6,3
4989,54,7,1
4990,54,8,3
4991,54,9,3
4992,54,10,2
4993,54,11,2
4994,54,12,2
4995,54,13,1
4996,54,14,3
4997,54,15,2
4998,54,16,3
4999,54,17,3
5000,54,18,1
5001,54,19,3
5002,54,20,3
5003,54,21,3
5004,54,22,2
5005,54,23,2
5006,54,24,2
5007,54,25,3
5008,54,26,2
5009,54,27,2
5010,54,28,3
5011,54,29,2
5012,54,30,2
5013,54,31,3
5014,54,32,1
5015,54,33,2
5016,54,34,2
5017,54,35,4
5018,54,36,2
5019,54,37,4
5020,54,38,4
5021,54,39,4
5022,54,40,3
5023,54,41,4
5024,54,42,2
5025,54,43,2
5026,54,44,3
5027,54,45,2
5028,54,46,4
5029,54,47,3
5030,54,48,2
5031,54,49,2
5032,54,50,2
5033,54,51,2
5034,54,52,4
5035,54,53,3
5036,54,54,3
5037,54,55,2
5038,54,56,2
5039,54,57,3
5040,54,58,4
5041,54,59,4
5042,54,60,4
5043,54,61,2
5044,54,62,4
5045,54,63,3
5046,54,64,2
5047,54,65,2
5048,54,66,2
5049,54,67,2
5050,54,68,3
5051,54,69,3
5052,54,70,3
5053,54,71,3
5054,54,72,3
5055,54,73,4
5056,54,74,4
5057,54,75,2
5058,54,76,2
5059,54,77,3
5060,54,78,4
5061,54,79,4
5062,54,80,4
5063,54,81,2
5064,54,82,2
5065,54,83,2
5066,54,84,2
5067,54,85,4
5068,54,86,4
5069,54,87,4
5070,54,88,4
5071,54,89,3
5072,54,90,2
5073,54,91,3
5074,54,92,4
5075,54,93,2
5076,54,94,3
5077,55,1,1
5078,55,2,2
5079,55,3,1
5080,55,4,1
5081,55,5,2
5082,55,6,2
5083,55,7,3
5084,55,8,2
5085,55,9,1
5086,55,10,3
5087,55,11,1
5088,55,12,2
5089,55,13,1
5090,55,14,3
5091,55,15,1
5092,55,16,3
5093,55,17,3
5094,55,18,3
5095,55,19,3
5096,55,20,1
5097,55,21,2
5098,55,22,3
5099,55,23,2
5100,55,24,3
5101,55,25,1
5102,55,26,1
5103,55,27,3
5104,55,28,1
5105,55,29,3
5106,55,30,1
5107,55,31,3
5108,55,32,3
5109,55,33,4
5110,55,34,4
5111,55,35,3
5112,55,36,2
5113,55,37,3
5114,55,38,2
5115,55,39,2
5116,55,40,4
5117,55,41,2
5118,55,42,3
5119,55,43,3
5120,55,44,3
5121,55,45,2
5122,55,46,3
5123,55,47,2
5124,55,48,3
5125,55,49,4
5126,55,50,2
5127,55,51,4
5128,55,52,2
5129,55,53,2
5130,55,54,3
5131,55,55,2
5132,55,56,4
5133,55,57,2
5134,55,58,4
5135,55,59,3
5136,55,60,2
5137,55,61,4
5138,55,62,4
5139,55,63,4
5140,55,64,4
5141,55,65,3
5142,55,66,2
5143,55,67,2
5144,55,68,2
5145,55,69,4
5146,55,70,2
5147,55,71,3
5148,55,72,4
5149,55,73,4
5150,55,74,4
5151,55,75,3
5152,55,76,4
5153,55,77,3
5154,55,78,4
5155,55,79,4
5156,55,80,2
5157,55,81,4
5158,55,82,2
5159,55,83,4
5160,55,84,3
5161,55,85,3
5162,55,86,2
5163,55,87,3
5164,55,88,2
5165,55,89,3
5166,55,90,3
5167,55,91,2
5168,55,92,4
5169,55,93,3
5170,55,94,3
5171,56,1,2
5172,56,2,1
5173,56,3,2
5174,56,4,2
5175,56,5,2
5176,56,6,3
5177,56,7,2
5178,56,8,2
5179,56,9,1
5180,56,10,2
5181,56,11,3
5182,56,12,3
5183,56,13,2
5184,56,14,2
5185,56,15,1
5186,56,16,2
5187,56,17,1
5188,56,18,2
5189,56,19,1
5190,56,20,3
5191,56,21,1
5192,56,22,2
5193,56,23,1
5194,56,24,3
5195,56,25,3
5196,56,26,1
5197,56,27,2
5198,56,28,3
5199,56,29,2
5200,56,30,2
5201,56,31,3
5202,56,32,1
5203,56,33,2
5204,56,34,2
5205,56,35,2
5206,56,36,4
5207,56,37,2
5208,56,38,4
5209,56,39,2
5210,56,40,4
5211,56,41,3
5212,56,42,3
5213,56,43,4
5214,56,44,2
5215,56,45,2
5216,56,46,2
5217,56,47,3
5218,56,48,2
5219,56,49,2
5220,56,50,4
5221,56,51,3
5222,56,52,3
5223,56,53,2
5224,56,54,2
5225,56,55,3
5226,56,56,3
5227,56,57,3
5228,56,58,3
5229,56,59,2
5230,56,60,4
5231,56,61,2
5232,56,62,3
5233,56,63,2
5234,56,64,3
5235,56,65,2
5236,56,66,3
5237,56,67,3
5238,56,68,2
5239,56,69,3
5240,56,70,3
5241,56,71,2
5242,56,72,2
5243,56,73,2
5244,56,74,2
5245,56,75,2
5246,56,76,2
5247,56,77,2
5248,56,78,4
5249,56,79,3
5250,56,80,2
5251,56,81,4
5252,56,82,2
5253,56,83,2
5254,56,84,4
5255,56,85,4
5256,56,86,3
5257,56,87,2
5258,56,88,3
5259,56,89,3
5260,56,90,2
5261,56,91,2
5262,56,92,4
5263,56,93,2
5264,56,94,2
5265,57,1,3
5266,57,2,3
5267,57,3,3
5268,57,4,3
5269,57,5,1
5270,57,6,1
5271,57,7,2
5272,57,8,3
5273,57,9,1
5274,57,10,2
5275,57,11,3
5276,57,12,3
5277,57,13,2
5278,57,14,2
5279,57,15,1
5280,57,16,3
5281,57,17,1
5282,57,18,3
5283,57,19,1
5284,57,20,1
5285,57,21,3
5286,57,22,1
5287,57,23,3
5288,57,24,1
5289,57,25,3
5290,57,26,2
5291,57,27,1
5292,57,28,1
5293,57,29,3
5294,57,30,3
5295,57,31,1
5296,57,32,3
5297,57,33,4
5298,57,34,2
5299,57,35,4
5300,57,36,4
5301,57,37,4
5302,57,38,4
5303,57,39,3
5304,57,40,3
5305,57,41,4
5306,57,42,3
5307,57,43,4
5308,57,44,4
5309,57,45,4
5310,57,46,2
5311,57,47,3
5312,57,48,4
5313,57,49,3
5314,57,50,3
5315,57,51,4
5316,57,52,3
5317,57,53,3
5318,57,54,3
5319,57,55,3
5320,57,56,4
5321,57,57,4
5322,57,58,2
5323,57,59,4
5324,57,60,3
5325,57,61,4
5326,57,62,3
5327,57,63,4
5328,57,64,4
5329,57,65,4
5330,57,66,2
5331,57,67,4
5332,57,68,2
5333,57,69,3
5334,57,70,2
5335,57,71,2
5336,57,72,2
5337,57,73,2
5338,57,74,2
5339,57,75,3
5340,57,76,2
5341,57,77,4
5342,57,78,2
5343,57,79,3
5344,57,80,2
5345,57,81,4
5346,57,82,2
5347,57,83,2
5348,57,84,4
5349,57,85,2
5350,57,86,3
5351,57,87,4
5352,57,88,4
5353,57,89,2
5354,57,90,4
5355,57,91,4
5356,57,92,2
5357,57,93,4
5358,57,94,2
5359,58,1,2
5360,58,2,1
5361,58,3,3
5362,58,4,2
5363,58,5,1
5364,58,6,1
5365,58,7,1
5366,58,8,1
5367,58,9,1
5368,58,10,3
5369,58,11,3
5370,58,12,1
5371,58,13,2
5372,58,14,1
5373,58,15,1
5374,58,16,2
5375,58,17,2
5376,58,18,2
5377,58,19,2
5378,58,20,1
5379,58,21,3
5380,58,22,1
5381,58,23,3
5382,58,24,3
5383,58,25,3
5384,58,26,1
5385,58,27,2
5386,58,28,2
5387,58,29,3
5388,58,30,2
5389,58,31,2
5390,58,32,2
5391,58,33,2
5392,58,34,2
5393,58,35,3
5394,58,36,4
5395,58,37,4
5396,58,38,4
5397,58,39,4
5398,58,40,2
5399,58,41,2
5400,58,42,3
5401,58,43,4
5402,58,44,2
5403,58,45,3
5404,58,46,2
5405,58,47,4
5406,58,48,4
5407,58,49,3
5408,58,50,2
5409,58,51,4
5410,58,52,4
5411,58,53,2
5412,58,54,3
5413,58,55,4
5414,58,56,3
5415,58,57,3
5416,58,58,3
5417,58,59,4
5418,58,60,4
5419,58,61,3
5420,58,62,3
5421,58,63,4
5422,58,64,4
5423,58,65,2
5424,58,66,4
5425,58,67,2
5426,58,68,2
5427,58,69,2
5428,58,70,2
5429,58,71,2
5430,58,72,4
5431,58,73,4
5432,58,74,2
5433,58,75,3
5434,58,76,3
5435,58,77,4
5436,58,78,3
5437,58,79,2
5438,58,80,2
5439,58,81,3
5440,58,82,2
5441,58,83,4
5442,58,84,4
5443,58,85,4
5444,58,86,3
5445,58,87,3
5446,58,88,4
5447,58,89,2
5448,58,90,2
5449,58,91,4
5450,58,92,4
5451,58,93,2
5452,58,94,4
5453,59,1,3
5454,59,2,3
5455,59,3,3
5456,59,4,2
5457,59,5,3
5458,59,6,1
5459,59,7,1
5460,59,8,3
5461,59,9,1
5462,59,10,3
5463,59,11,3
5464,59,12,1
5465,59,13,3
5466,59,14,3
5467,59,15,2
5468,59,16,2
5469,59,17,1
5470,59,18,3
5471,59,19,1
5472,59,20,2
5473,59,21,3
5474,59,22,1
5475,59,23,2
5476,59,24,2
5477,59,25,2
5478,59,26,1
5479,59,27,2
5480,59,28,2
5481,59,29,1
5482,59,30,1
5483,59,31,1
5484,59,32,3
5485,59,33,4
5486,59,34,4
5487,59,35,3
5488,59,36,2
5489,59,37,4
5490,59,38,3
5491,59,39,2
5492,59,40,3
5493,59,41,2
5494,59,42,2
5495,59,43,4
5496,59,44,2
5497,59,45,3
5498,59,46,3
5499,59,47,4
5500,59,48,4
5501,59,49,3
5502,59,50,2
5503,59,51,3
5504,59,52,3
5505,59,53,2
5506,59,54,3
5507,59,55,4
5508,59,56,4
5509,59,57,3
5510,59,58,3
5511,59,59,2
5512,59,60,3
5513,59,61,3
5514,59,62,4
5515,59,63,4
5516,59,64,4
5517,59,65,3
5518,59,66,3
5519,59,67,4
5520,59,68,4
5521,59,69,2
5522,59,70,2
5523,59,71,3
5524,59,72,4
5525,59,73,3
5526,59,74,3
5527,59,75,4
5528,59,76,2
5529,59,77,2
5530,59,78,4
5531,59,79,2
5532,59,80,3
5533,59,81,3
5534,59,82,3
5535,59,83,4
5536,59,84,3
5537,59,85,2
5538,59,86,4
5539,59,87,2
5540,59,88,3
5541,59,89,4
5542,59,90,2
5543,59,91,3
5544,59,92,4
5545,59,93,3
5546,59,94,2
5547,60,1,2
5548,60,2,3
5549,60,3,2
5550,60,4,3
5551,60,5,2
5552,60,6,2
5553,60,7,1
5554,60,8,1
5555,60,9,3
5556,60,10,1
5557,60,11,2
5558,60,12,3
5559,60,13,2
5560,60,14,2
5561,60,15,1
5562,60,16,1
5563,60,17,1
5564,60,18,1
5565,60,19,1
5566,60,20,2
5567,60,21,1
5568,60,22,1
5569,60,23,3
5570,60,24,1
5571,60,25,2
5572,60,26,2
5573,60,27,2
5574,60,28,3
5575,60,29,3
5576,60,30,1
5577,60,31,3
5578,60,32,1
5579,60,33,3
5580,60,34,2
5581,60,35,4
5582,60,36,2
5583,60,37,4
5584,60,38,3
5585,60,39,4
5586,60,40,3
5587,60,41,4
5588,60,42,2
5589,60,43,4
5590,60,44,3
5591,60,45,4
5592,60,46,3
5593,60,47,3
5594,60,48,4
5595,60,49,2
5596,60,50,2
5597,60,51,2
5598,60,52,3
5599,60,53,4
5600,60,54,2
5601,60,55,2
5602,60,56,2
5603,60,57,4
5604,60,58,3
5605,60,59,4
5606,60,60,3
5607,60,61,4
5608,60,62,4
5609,60,63,4
5610,60,64,4
5611,60,65,4
5612,60,66,2
5613,60,67,2
5614,60,68,3
5615,60,69,2
5616,60,70,2
5617,60,71,4
5618,60,72,3
5619,60,73,2
5620,60,74,3
5621,60,75,2
5622,60,76,4
5623,60,77,3
5624,60,78,3
5625,60,79,4
5626,60,80,2
5627,60,81,2
5628,60,82,2
5629,60,83,2
5630,60,84,4
5631,60,85,3
5632,60,86,4
5633,60,87,4
5634,60,88,4
5635,60,89,3
5636,60,90,2
5637,60,91,4
5638,60,92,3
5639,60,93,2
5640,60,94,3
5641,61,1,1
5642,61,2,3
5643,61,3,2
5644,61,4,3
5645,61,5,2
5646,61,6,2
5647,61,7,3
5648,61,8,2
5649,61,9,3
5650,61,10,3
5651,61,11,3
5652,61,12,2
5653,61,13,3
5654,61,14,1
5655,61,15,2
5656,61,16,2
5657,61,17,1
5658,61,18,3
5659,61,19,1
5660,61,20,3
5661,61,21,2
5662,61,22,2
5663,61,23,1
5664,61,24,3
5665,61,25,1
5666,61,26,3
5667,61,27,3
5668,61,28,2
5669,61,29,3
5670,61,30,3
5671,61,31,1
5672,61,32,1
5673,61,33,2
5674,61,34,2
5675,61,35,2
5676,61,36,2
5677,61,37,3
5678,61,38,4
5679,61,39,2
5680,61,40,2
5681,61,41,2
5682,61,42,4
5683,61,43,4
5684,61,44,4
5685,61,45,2
5686,61,46,3
5687,61,47,3
5688,61,48,3
5689,61,49,2
5690,61,50,3
5691,61,51,2
5692,61,52,4
5693,61,53,3
5694,61,54,4
5695,61,55,4
5696,61,56,3
5697,61,57,3
5698,61,58,2
5699,61,59,4
5700,61,60,4
5701,61,61,3
5702,61,62,3
5703,61,63,4
5704,61,64,4
5705,61,65,4
5706,61,66,2
5707,61,67,2
5708,61,68,3
5709,61,69,2
5710,61,70,3
5711,61,71,3
5712,61,72,2
5713,61,73,4
5714,61,74,3
5715,61,75,4
5716,61,76,3
5717,61,77,3
5718,61,78,2
5719,61,79,4
5720,61,80,3
5721,61,81,3
5722,61,82,2
5723,61,83,2
5724,61,84,2
5725,61,85,2
5726,61,86,3
5727,61,87,4
5728,61,88,2
5729,61,89,2
5730,61,90,4
5731,61,91,2
5732,61,92,2
5733,61,93,2
5734,61,94,2
5735,62,1,3
5736,62,2,3
5737,62,3,3
5738,62,4,3
5739,62,5,1
5740,62,6,1
5741,62,7,3
5742,62,8,2
5743,62,9,1
5744,62,10,1
5745,62,11,1
5746,62,12,3
5747,62,13,3
5748,62,14,2
5749,62,15,1
5750,62,16,3
5751,62,17,2
5752,62,18,3
5753,62,19,1
5754,62,20,3
5755,62,21,2
5756,62,22,2
5757,62,23,1
5758,62,24,3
5759,62,25,2
5760,62,26,1
5761,62,27,1
5762,62,28,1
5763,62,29,1
5764,62,30,2
5765,62,31,1
5766,62,32,1
5767,62,33,4
5768,62,34,3
5769,62,35,3
5770,62,36,4
5771,62,37,4
5772,62,38,4
5773,62,39,4
5774,62,40,4
5775,62,41,4
5776,62,42,2
5777,62,43,3
5778,62,44,3
5779,62,45,4
5780,62,46,4
5781,62,47,2
5782,62,48,2
5783,62,49,4
5784,62,50,3
5785,62,51,4
5786,62,52,3
5787,62,53,2
5788,62,54,4
5789,62,55,4
5790,62,56,3
5791,62,57,3
5792,62,58,4
5793,62,59,4
5794,62,60,4
5795,62,61,4
5796,62,62,2
5797,62,63,3
5798,62,64,3
5799,62,65,4
5800,62,66,3
5801,62,67,4
5802,62,68,4
5803,62,69,3
5804,62,70,4
5805,62,71,2
5806,62,72,2
5807,62,73,2
5808,62,74,2
5809,62,75,3
5810,62,76,4
5811,62,77,4
5812,62,78,4
5813,62,79,2
5814,62,80,3
5815,62,81,2
5816,62,82,2
5817,62,83,2
5818,62,84,4
5819,62,85,3
5820,62,86,3
5821,62,87,4
5822,62,88,3
5823,62,89,3
5824,62,90,2
5825,62,91,4
5826,62,92,4
5827,62,93,4
5828,62,94,4
5829,63,1,1
5830,63,2,2
5831,63,3,3
5832,63,4,2
5833,63,5,3
5834,63,6,2
5835,63,7,1
5836,63,8,2
5837,63,9,2
5838,63,10,1
5839,63,11,1
5840,63,12,3
5841,63,13,1
5842,63,14,1
5843,63,15,3
5844,63,16,3
5845,63,17,2
5846,63,18,2
5847,63,19,2
5848,63,20,1
5849,63,21,3
5850,63,22,3
5851,63,23,1
5852,63,24,1
5853,63,25,1
5854,63,26,1
5855,63,27,3
5856,63,28,1
5857,63,29,1
5858,63,30,2
5859,63,31,1
5860,63,32,1
5861,63,33,3
5862,63,34,2
5863,63,35,2
5864,63,36,2
5865,63,37,3
5866,63,38,2
5867,63,39,3
5868,63,40,3
5869,63,41,4
5870,63,42,2
5871,63,43,3
5872,63,44,2
5873,63,45,3
5874,63,46,4
5875,63,47,2
5876,63,48,4
5877,63,49,2
5878,63,50,2
5879,63,51,3
5880,63,52,3
5881,63,53,3
5882,63,54,2
5883,63,55,4
5884,63,56,4
5885,63,57,3
5886,63,58,4
5887,63,59,4
5888,63,60,2
5889,63,61,3
5890,63,62,2
5891,63,63,2
5892,63,64,2
5893,63,65,3
5894,63,66,4
5895,63,67,3
5896,63,68,4
5897,63,69,4
5898,63,70,4
5899,63,71,4
5900,63,72,2
5901,63,73,2
5902,63,74,3
5903,63,75,2
5904,63,76,3
5905,63,77,2
5906,63,78,2
5907,63,79,2
5908,63,80,4
5909,63,81,3
5910,63,82,3
5911,63,83,2
5912,63,84,4
5913,63,85,4
5914,63,86,2
5915,63,87,4
5916,63,88,3
5917,63,89,2
5918,63,90,3
5919,63,91,2
5920,63,92,3
5921,63,93,4
5922,63,94,4
5923,64,1,1
5924,64,2,2
5925,64,3,2
5926,64,4,3
5927,64,5,3
5928,64,6,3
5929,64,7,3
5930,64,8,3
5931,64,9,3
5932,64,10,1
5933,64,11,1
5934,64,12,1
5935,64,13,1
5936,64,14,2
5937,64,15,1
5938,64,16,3
5939,64,17,1
5940,64,18,2
5941,64,19,1
5942,64,20,2
5943,64,21,1
5944,64,22,1
5945,64,23,1
5946,64,24,1
5947,64,25,2
5948,64,26,3
5949,64,27,3
5950,64,28,1
5951,64,29,3
5952,64,30,1
5953,64,31,1
5954,64,32,2
5955,64,33,2
5956,64,34,4
5957,64,35,4
5958,64,36,2
5959,64,37,4
5960,64,38,4
5961,64,39,2
5962,64,40,4
5963,64,41,4
5964,64,42,4
5965,64,43,4
5966,64,44,4
5967,64,45,2
5968,64,46,3
5969,64,47,2
5970,64,48,2
5971,64,49,3
5972,64,50,2
5973,64,51,2
5974,64,52,4
5975,64,53,2
5976,64,54,4
5977,64,55,3
5978,64,56,3
5979,64,57,2
5980,64,58,4
5981,64,59,3
5982,64,60,2
5983,64,61,3
5984,64,62,3
5985,64,63,4
5986,64,64,4
5987,64,65,3
5988,64,66,3
5989,64,67,2
5990,64,68,3
5991,64,69,2
5992,64,70,4
5993,64,71,3
5994,64,72,2
5995,64,73,4
5996,64,74,4
5997,64,75,2
5998,64,76,4
5999,64,77,4
6000,64,78,4
6001,64,79,3
6002,64,80,3
6003,64,81,3
6004,64,82,4
6005,64,83,3
6006,64,84,2
6007,64,85,3
6008,64,86,3
6009,64,87,2
6010,64,88,3
6011,64,89,2
6012,64,90,4
6013,64,91,4
6014,64,92,2
6015,64,93,4
6016,64,94,4
6017,65,1,1
6018,65,2,1
6019,65,3,1
6020,65,4,1
6021,65,5,1
6022,65,6,3
6023,65,7,2
6024,65,8,2
6025,65,9,1
6026,65,10,1
6027,65,11,1
6028,65,12,2
6029,65,13,1
6030,65,14,3
6031,65,15,1
6032,65,16,1
6033,65,17,3
6034,65,18,3
6035,65,19,2
6036,65,20,2
6037,65,21,3
6038,65,22,1
6039,65,23,2
6040,65,24,2
6041,65,25,2
6042,65,26,2
6043,65,27,1
6044,65,28,2
6045,65,29,2
6046,65,30,2
6047,65,31,3
6048,65,32,2
6049,65,33,2
6050,65,34,2
6051,65,35,2
6052,65,36,3
6053,65,37,2
6054,65,38,2
6055,65,39,4
6056,65,40,2
6057,65,41,2
6058,65,42,3
6059,65,43,4
6060,65,44,2
6061,65,45,2
6062,65,46,4
6063,65,47,4
6064,65,48,2
6065,65,49,3
6066,65,50,4
6067,65,51,2
6068,65,52,2
6069,65,53,4
6070,65,54,3
6071,65,55,3
6072,65,56,2
6073,65,57,2
6074,65,58,2
6075,65,59,3
6076,65,60,4
6077,65,61,4
6078,65,62,4
6079,65,63,4
6080,65,64,2
6081,65,65,2
6082,65,66,4
6083,65,67,2
6084,65,68,3
6085,65,69,3
6086,65,70,3
6087,65,71,4
6088,65,72,3
6089,65,73,4
6090,65,74,4
6091,65,75,4
6092,65,76,3
6093,65,77,3
6094,65,78,3
6095,65,79,2
6096,65,80,2
6097,65,81,4
6098,65,82,3
6099,65,83,3
6100,65,84,4
6101,65,85,2
6102,65,86,4
6103,65,87,2
6104,65,88,3
6105,65,89,4
6106,65,90,3
6107,65,91,4
6108,65,92,3
6109,65,93,4
6110,65,94,3
6111,66,1,3
6112,66,2,3
6113,66,3,1
6114,66,4,2
6115,66,5,2
6116,66,6,2
6117,66,7,1
6118,66,8,2
6119,66,9,2
6120,66,10,1
6121,66,11,2
6122,66,12,1
6123,66,13,1
6124,66,14,1
6125,66,15,3
6126,66,16,2
6127,66,17,1
6128,66,18,2
6129,66,19,3
6130,66,20,3
6131,66,21,1
6132,66,22,1
6133,66,23,3
6134,66,24,2
6135,66,25,3
6136,66,26,1
6137,66,27,1
6138,66,28,1
6139,66,29,3
6140,66,30,3
6141,66,31,2
6142,66,32,3
6143,66,33,3
6144,66,34,2
6145,66,35,2
6146,66,36,4
6147,66,37,3
6148,66,38,4
6149,66,39,4
6150,66,40,3
6151,66,41,3
6152,66,42,3
6153,66,43,4
6154,66,44,4
6155,66,45,2
6156,66,46,4
6157,66,47,3
6158,66,48,4
6159,66,49,4
6160,66,50,4
6161,66,51,3
6162,66,52,4
6163,66,53,3
6164,66,54,3
6165,66,55,4
6166,66,56,3
6167,66,57,2
6168,66,58,3
6169,66,59,3
6170,66,60,3
6171,66,61,4
6172,66,62,3
6173,66,63,2
6174,66,64,4
6175,66,65,4
6176,66,66,2
6177,66,67,2
6178,66,68,3
6179,66,69,2
6180,66,70,4
6181,66,71,3
6182,66,72,2
6183,66,73,2
6184,66,74,2
6185,66,75,2
6186,66,76,2
6187,66,77,2
6188,66,78,4
6189,66,79,2
6190,66,80,4
6191,66,81,3
6192,66,82,3
6193,66,83,3
6194,66,84,4
6195,66,85,3
6196,66,86,3
6197,66,87,3
6198,66,88,4
6199,66,89,4
6200,66,90,3
6201,66,91,3
6202,66,92,3
6203,66,93,4
6204,66,94,4
6205,67,1,2
6206,67,2,3
6207,67,3,1
6208,67,4,1
6209,67,5,2
6210,67,6,2
6211,67,7,3
6212,67,8,3
6213,67,9,2
6214,67,10,1
6215,67,11,3
6216,67,12,2
6217,67,13,1
6218,67,14,3
6219,67,15,1
6220,67,16,2
6221,67,17,2
6222,67,18,3
6223,67,19,1
6224,67,20,3
6225,67,21,3
6226,67,22,3
6227,67,23,1
6228,67,24,3
6229,67,25,3
6230,67,26,2
6231,67,27,1
6232,67,28,3
6233,67,29,2
6234,67,30,3
6235,67,31,2
6236,67,32,1
6237,67,33,4
6238,67,34,3
6239,67,35,2
6240,67,36,4
6241,67,37,2
6242,67,38,4
6243,67,39,3
6244,67,40,2
6245,67,41,4
6246,67,42,3
6247,67,43,4
6248,67,44,3
6249,67,45,4
6250,67,46,3
6251,67,47,4
6252,67,48,4
6253,67,49,4
6254,67,50,3
6255,67,51,3
6256,67,52,4
6257,67,53,4
6258,67,54,4
6259,67,55,3
6260,67,56,2
6261,67,57,2
6262,67,58,4
6263,67,59,4
6264,67,60,2
6265,67,61,4
6266,67,62,3
6267,67,63,2
6268,67,64,2
6269,67,65,3
6270,67,66,3
6271,67,67,2
6272,67,68,3
6273,67,69,3
6274,67,70,3
6275,67,71,2
6276,67,72,3
6277,67,73,4
6278,67,74,3
6279,67,75,2
6280,67,76,3
6281,67,77,2
6282,67,78,2
6283,67,79,2
6284,67,80,3
6285,67,81,4
6286,67,82,3
6287,67,83,4
6288,67,84,2
6289,67,85,3
6290,67,86,4
6291,67,87,4
6292,67,88,3
6293,67,89,4
6294,67,90,4
6295,67,91,2
6296,67,92,2
6297,67,93,2
6298,67,94,2
6299,68,1,3
6300,68,2,3
6301,68,3,1
6302,68,4,2
6303,68,5,3
6304,68,6,1
6305,68,7,3
6306,68,8,2
6307,68,9,1
6308,68,10,1
6309,68,11,1
6310,68,12,1
6311,68,13,1
6312,68,14,1
6313,68,15,1
6314,68,16,2
6315,68,17,1
6316,68,18,1
6317,68,19,1
6318,68,20,2
6319,68,21,2
6320,68,22,2
6321,68,23,1
6322,68,24,2
6323,68,25,3
6324,68,26,3
6325,68,27,2
6326,68,28,2
6327,68,29,2
6328,68,30,2
6329,68,31,1
6330,68,32,1
6331,68,33,3
6332,68,34,3
6333,68,35,3
6334,68,36,3
6335,68,37,2
6336,68,38,3
6337,68,39,3
6338,68,40,4
6339,68,41,3
6340,68,42,3
6341,68,43,3
6342,68,44,3
6343,68,45,2
6344,68,46,3
6345,68,47,2
6346,68,48,2
6347,68,49,4
6348,68,50,3
6349,68,51,2
6350,68,52,3
6351,68,53,2
6352,68,54,3
6353,68,55,4
6354,68,56,3
6355,68,57,3
6356,68,58,2
6357,68,59,4
6358,68,60,3
6359,68,61,3
6360,68,62,2
6361,68,63,2
6362,68,64,4
6363,68,65,2
6364,68,66,3
6365,68,67,4
6366,68,68,4
6367,68,69,3
6368,68,70,2
6369,68,71,2
6370,68,72,3
6371,68,73,3
6372,68,74,3
6373,68,75,3
6374,68,76,4
6375,68,77,4
6376,68,78,3
6377,68,79,4
6378,68,80,2
6379,68,81,3
6380,68,82,3
6381,68,83,4
6382,68,84,3
6383,68,85,4
6384,68,86,3
6385,68,87,2
6386,68,88,2
6387,68,89,4
6388,68,90,3
6389,68,91,3
6390,68,92,2
6391,68,93,4
6392,68,94,2
6393,69,1,2
6394,69,2,3
6395,69,3,1
6396,69,4,3
6397,69,5,3
6398,69,6,2
6399,69,7,1
6400,69,8,2
6401,69,9,2
6402,69,10,3
6403,69,11,2
6404,69,12,3
6405,69,13,1
6406,69,14,2
6407,69,15,1
6408,69,16,3
6409,69,17,3
6410,69,18,3
6411,69,19,1
6412,69,20,2
6413,69,21,2
6414,69,22,1
6415,69,23,3
6416,69,24,2
6417,69,25,1
6418,69,26,2
6419,69,27,1
6420,69,28,2
6421,69,29,3
6422,69,30,2
6423,69,31,1
6424,69,32,2
6425,69,33,3
6426,69,34,4
6427,69,35,4
6428,69,36,3
6429,69,37,2
6430,69,38,3
6431,69,39,3
6432,69,40,4
6433,69,41,4
6434,69,42,4
6435,69,43,2
6436,69,44,4
6437,69,45,3
6438,69,46,3
6439,69,47,4
6440,69,48,3
6441,69,49,4
6442,69,50,3
6443,69,51,4
6444,69,52,3
6445,69,53,3
6446,69,54,2
6447,69,55,4
6448,69,56,4
6449,69,57,4
6450,69,58,4
6451,69,59,4
6452,69,60,3
6453,69,61,3
6454,69,62,4
6455,69,63,2
6456,69,64,4
6457,69,65,2
6458,69,66,3
6459,69,67,3
6460,69,68,3
6461,69,69,4
6462,69,70,3
6463,69,71,4
6464,69,72,3
6465,69,73,4
6466,69,74,3
6467,69,75,4
6468,69,76,4
6469,69,77,3
6470,69,78,2
6471,69,79,2
6472,69,80,4
6473,69,81,4
6474,69,82,3
6475,69,83,3
6476,69,84,3
6477,69,85,3
6478,69,86,4
6479,69,87,3
6480,69,88,4
6481,69,89,3
6482,69,90,4
6483,69,91,2
6484,69,92,2
6485,69,93,2
6486,69,94,3
6487,70,1,2
6488,70,2,1
6489,70,3,3
6490,70,4,2
6491,70,5,3
6492,70,6,3
6493,70,7,3
6494,70,8,1
6495,70,9,1
6496,70,10,1
6497,70,11,2
6498,70,12,1
6499,70,13,1
6500,70,14,2
6501,70,15,1
6502,70,16,3
6503,70,17,1
6504,70,18,3
6505,70,19,1
6506,70,20,2
6507,70,21,1
6508,70,22,1
6509,70,23,2
6510,70,24,3
6511,70,25,2
6512,70,26,1
6513,70,27,3
6514,70,28,2
6515,70,29,3
6516,70,30,3
6517,70,31,1
6518,70,32,2
6519,70,33,2
6520,70,34,2
6521,70,35,3
6522,70,36,2
6523,70,37,3
6524,70,38,4
6525,70,39,3
6526,70,40,4
6527,70,41,3
6528,70,42,3
6529,70,43,4
6530,70,44,3
6531,70,45,3
6532,70,46,3
6533,70,47,3
6534,70,48,3
6535,70,49,4
6536,70,50,4
6537,70,51,3
6538,70,52,3
6539,70,53,4
6540,70,54,4
6541,70,55,2
6542,70,56,3
6543,70,57,2
6544,70,58,2
6545,70,59,4
6546,70,60,4
6547,70,61,4
6548,70,62,3
6549,70,63,3
6550,70,64,4
6551,70,65,2
6552,70,66,4
6553,70,67,4
6554,70,68,2
6555,70,69,2
6556,70,70,3
6557,70,71,3
6558,70,72,4
6559,70,73,2
6560,70,74,2
6561,70,75,3
6562,70,76,4
6563,70,77,3
6564,70,78,4
6565,70,79,4
6566,70,80,2
6567,70,81,2
6568,70,82,4
6569,70,83,3
6570,70,84,2
6571,70,85,2
6572,70,86,3
6573,70,87,4
6574,70,88,3
6575,70,89,2
6576,70,90,3
6577,70,91,4
6578,70,92,2
6579,70,93,4
6580,70,94,4
6581,71,1,3
6582,71,2,1
6583,71,3,3
6584,71,4,2
6585,71,5,2
6586,71,6,1
6587,71,7,3
6588,71,8,1
6589,71,9,2
6590,71,10,1
6591,71,11,3
6592,71,12,3
6593,71,13,3
6594,71,14,3
6595,71,15,2
6596,71,16,2
6597,71,17,2
6598,71,18,2
6599,71,19,3
6600,71,20,2
6601,71,21,3
6602,71,22,2
6603,71,23,3
6604,71,24,3
6605,71,25,2
6606,71,26,3
6607,71,27,1
6608,71,28,2
6609,71,29,1
6610,71,30,2
6611,71,31,3
6612,71,32,3
6613,71,33,4
6614,71,34,4
6615,71,35,2
6616,71,36,4
6617,71,37,3
6618,71,38,2
6619,71,39,3
6620,71,40,4
6621,71,41,2
6622,71,42,2
6623,71,43,4
6624,71,44,3
6625,71,45,3
6626,71,46,4
6627,71,47,2
6628,71,48,4
6629,71,49,3
6630,71,50,2
6631,71,51,4
6632,71,52,4
6633,71,53,3
6634,71,54,3
6635,71,55,4
6636,71,56,4
6637,71,57,3
6638,71,58,3
6639,71,59,4
6640,71,60,2
6641,71,61,3
6642,71,62,3
6643,71,63,3
6644,71,64,4
6645,71,65,3
6646,71,66,4
6647,71,67,2
6648,71,68,2
6649,71,69,2
6650,71,70,2
6651,71,71,4
6652,71,72,4
6653,71,73,3
6654,71,74,4
6655,71,75,2
6656,71,76,4
6657,71,77,2
6658,71,78,4
6659,71,79,2
6660,71,80,3
6661,71,81,2
6662,71,82,2
6663,71,83,4
6664,71,84,2
6665,71,85,3
6666,71,86,2
6667,71,87,2
6668,71,88,3
6669,71,89,2
6670,71,90,3
6671,71,91,3
6672,71,92,3
6673,71,93,2
6674,71,94,4
6675,72,1,3
6676,72,2,2
6677,72,3,1
6678,72,4,1
6679,72,5,3
6680,72,6,3
6681,72,7,1
6682,72,8,2
6683,72,9,2
6684,72,10,2
6685,72,11,2
6686,72,12,1
6687,72,13,1
6688,72,14,2
6689,72,15,1
6690,72,16,2
6691,72,17,1
6692,72,18,1
6693,72,19,3
6694,72,20,3
6695,72,21,2
6696,72,22,1
6697,72,23,3
6698,72,24,2
6699,72,25,3
6700,72,26,3
6701,72,27,3
6702,72,28,3
6703,72,29,1
6704,72,30,3
6705,72,31,1
6706,72,32,2
6707,72,33,2
6708,72,34,4
6709,72,35,4
6710,72,36,2
6711,72,37,4
6712,72,38,4
6713,72,39,2
6714,72,40,3
6715,72,41,2
6716,72,42,2
6717,72,43,3
6718,72,44,4
6719,72,45,4
6720,72,46,2
6721,72,47,2
6722,72,48,3
6723,72,49,2
6724,72,50,2
6725,72,51,2
6726,72,52,4
6727,72,53,3
6728,72,54,2
6729,72,55,2
6730,72,56,4
6731,72,57,3
6732,72,58,4
6733,72,59,3
6734,72,60,3
6735,72,61,2
6736,72,62,2
6737,72,63,2
6738,72,64,2
6739,72,65,2
6740,72,66,3
6741,72,67,2
6742,72,68,4
6743,72,69,3
6744,72,70,3
6745,72,71,2
6746,72,72,3
6747,72,73,3
6748,72,74,2
6749,72,75,2
6750,72,76,3
6751,72,77,3
6752,72,78,3
6753,72,79,2
6754,72,80,2
6755,72,81,2
6756,72,82,4
6757,72,83,4
6758,72,84,3
6759,72,85,2
6760,72,86,3
6761,72,87,4
6762,72,88,2
6763,72,89,4
6764,72,90,3
6765,72,91,4
6766,72,92,3
6767,72,93,4
6768,72,94,3
6769,73,1,2
6770,73,2,2
6771,73,3,2
6772,73,4,3
6773,73,5,1
6774,73,6,3
6775,73,7,3
6776,73,8,3
6777,73,9,1
6778,73,10,3
6779,73,11,3
6780,73,12,1
6781,73,13,1
6782,73,14,3
6783,73,15,2
6784,73,16,3
6785,73,17,2
6786,73,18,1
6787,73,19,1
6788,73,20,3
6789,73,21,3
6790,73,22,2
6791,73,23,1
6792,73,24,1
6793,73,25,1
6794,73,26,3
6795,73,27,2
6796,73,28,3
6797,73,29,1
6798,73,30,2
6799,73,31,3
6800,73,32,2
6801,73,33,4
6802,73,34,4
6803,73,35,4
6804,73,36,4
6805,73,37,3
6806,73,38,3
6807,73,39,3
6808,73,40,2
6809,73,41,2
6810,73,42,4
6811,73,43,4
6812,73,44,2
6813,73,45,2
6814,73,46,4
6815,73,47,4
6816,73,48,4
6817,73,49,2
6818,73,50,2
6819,73,51,4
6820,73,52,4
6821,73,53,3
6822,73,54,3
6823,73,55,2
6824,73,56,2
6825,73,57,4
6826,73,58,2
6827,73,59,4
6828,73,60,3
6829,73,61,3
6830,73,62,2
6831,73,63,3
6832,73,64,2
6833,73,65,4
6834,73,66,3
6835,73,67,2
6836,73,68,4
6837,73,69,3
6838,73,70,2
6839,73,71,2
6840,73,72,4
6841,73,73,2
6842,73,74,4
6843,73,75,2
6844,73,76,4
6845,73,77,2
6846,73,78,2
6847,73,79,4
6848,73,80,2
6849,73,81,4
6850,73,82,3
6851,73,83,2
6852,73,84,3
6853,73,85,3
6854,73,86,4
6855,73,87,3
6856,73,88,4
6857,73,89,4
6858,73,90,2
6859,73,91,3
6860,73,92,3
6861,73,93,3
6862,73,94,4
6863,74,1,1
6864,74,2,1
6865,74,3,2
6866,74,4,1
6867,74,5,1
6868,74,6,1
6869,74,7,1
6870,74,8,1
6871,74,9,2
6872,74,10,1
6873,74,11,1
6874,74,12,1
6875,74,13,3
6876,74,14,3
6877,74,15,1
6878,74,16,2
6879,74,17,3
6880,74,18,2
6881,74,19,3
6882,74,20,2
6883,74,21,2
6884,74,22,3
6885,74,23,3
6886,74,24,2
6887,74,25,2
6888,74,26,1
6889,74,27,2
6890,74,28,1
6891,74,29,2
6892,74,30,2
6893,74,31,3
6894,74,32,1
6895,74,33,2
6896,74,34,3
6897,74,35,3
6898,74,36,4
6899,74,37,3
6900,74,38,4
6901,74,39,2
6902,74,40,3
6903,74,41,3
6904,74,42,3
6905,74,43,4
6906,74,44,2
6907,74,45,3
6908,74,46,2
6909,74,47,4
6910,74,48,4
6911,74,49,4
6912,74,50,3
6913,74,51,3
6914,74,52,4
6915,74,53,4
6916,74,54,4
6917,74,55,3
6918,74,56,4
6919,74,57,4
6920,74,58,4
6921,74,59,4
6922,74,60,2
6923,74,61,2
6924,74,62,4
6925,74,63,4
6926,74,64,2
6927,74,65,3
6928,74,66,4
6929,74,67,3
6930,74,68,4
6931,74,69,3
6932,74,70,2
6933,74,71,4
6934,74,72,2
6935,74,73,4
6936,74,74,4
6937,74,75,3
6938,74,76,3
6939,74,77,4
6940,74,78,3
6941,74,79,3
6942,74,80,4
6943,74,81,3
6944,74,82,2
6945,74,83,2
6946,74,84,3
6947,74,85,3
6948,74,86,3
6949,74,87,3
6950,74,88,2
6951,74,89,4
6952,74,90,2
6953,74,91,3
6954,74,92,2
6955,74,93,3
6956,74,94,4
6957,75,1,3
6958,75,2,2
6959,75,3,3
6960,75,4,1
6961,75,5,1
6962,75,6,2
6963,75,7,3
6964,75,8,3
6965,75,9,3
6966,75,10,3
6967,75,11,3
6968,75,12,2
6969,75,13,1
6970,75,14,3
6971,75,15,1
6972,75,16,2
6973,75,17,2
6974,75,18,1
6975,75,19,3
6976,75,20,1
6977,75,21,1
6978,75,22,3
6979,75,23,1
6980,75,24,3
6981,75,25,1
6982,75,26,3
6983,75,27,3
6984,75,28,3
6985,75,29,3
6986,75,30,1
6987,75,31,1
6988,75,32,3
6989,75,33,4
6990,75,34,4
6991,75,35,4
6992,75,36,3
6993,75,37,2
6994,75,38,4
6995,75,39,2
6996,75,40,3
6997,75,41,3
6998,75,42,4
6999,75,43,4
7000,75,44,3
7001,75,45,4
7002,75,46,3
7003,75,47,2
7004,75,48,4
7005,75,49,3
7006,75,50,2
7007,75,51,3
7008,75,52,2
7009,75,53,3
7010,75,54,2
7011,75,55,3
7012,75,56,3
7013,75,57,2
7014,75,58,4
7015,75,59,4
7016,75,60,3
7017,75,61,2
7018,75,62,2
7019,75,63,4
7020,75,64,4
7021,75,65,4
7022,75,66,4
7023,75,67,4
7024,75,68,4
7025,75,69,2
7026,75,70,4
7027,75,71,4
7028,75,72,4
7029,75,73,2
7030,75,74,3
7031,75,75,4
7032,75,76,3
7033,75,77,4
7034,75,78,3
7035,75,79,2
7036,75,80,4
7037,75,81,3
7038,75,82,2
7039,75,83,2
7040,75,84,3
7041,75,85,4
7042,75,86,3
7043,75,87,3
7044,75,88,3
7045,75,89,2
7046,75,90,2
7047,75,91,2
7048,75,92,4
7049,75,93,2
7050,75,94,4
7051,76,1,1
7052,76,2,2
7053,76,3,3
7054,76,4,2
7055,76,5,2
7056,76,6,2
7057,76,7,2
7058,76,8,1
7059,76,9,2
7060,76,10,2
7061,76,11,3
7062,76,12,2
7063,76,13,2
7064,76,14,1
7065,76,15,3
7066,76,16,1
7067,76,17,3
7068,76,18,2
7069,76,19,2
7070,76,20,2
7071,76,21,3
7072,76,22,2
7073,76,23,2
7074,76,24,3
7075,76,25,1
7076,76,26,2
7077,76,27,3
7078,76,28,1
7079,76,29,3
7080,76,30,3
7081,76,31,2
7082,76,32,2
7083,76,33,3
7084,76,34,3
7085,76,35,2
7086,76,36,2
7087,76,37,2
7088,76,38,4
7089,76,39,2
7090,76,40,2
7091,76,41,3
7092,76,42,2
7093,76,43,3
7094,76,44,4
7095,76,45,4
7096,76,46,2
7097,76,47,4
7098,76,48,2
7099,76,49,4
7100,76,50,4
7101,76,51,4
7102,76,52,2
7103,76,53,4
7104,76,54,2
7105,76,55,4
7106,76,56,2
7107,76,57,3
7108,76,58,2
7109,76,59,3
7110,76,60,2
7111,76,61,2
7112,76,62,4
7113,76,63,3
7114,76,64,3
7115,76,65,2
7116,76,66,4
7117,76,67,2
7118,76,68,4
7119,76,69,3
7120,76,70,2
7121,76,71,4
7122,76,72,3
7123,76,73,4
7124,76,74,3
7125,76,75,3
7126,76,76,3
7127,76,77,3
7128,76,78,2
7129,76,79,3
7130,76,80,2
7131,76,81,3
7132,76,82,2
7133,76,83,3
7134,76,84,4
7135,76,85,4
7136,76,86,2
7137,76,87,4
7138,76,88,4
7139,76,89,2
7140,76,90,4
7141,76,91,3
7142,76,92,3
7143,76,93,4
7144,76,94,2
7145,77,1,3
7146,77,2,2
7147,77,3,3
7148,77,4,1
7149,77,5,3
7150,77,6,3
7151,77,7,1
7152,77,8,1
7153,77,9,2
7154,77,10,3
7155,77,11,2
7156,77,12,3
7157,77,13,1
7158,77,14,3
7159,77,15,2
7160,77,16,3
7161,77,17,3
7162,77,18,2
7163,77,19,3
7164,77,20,2
7165,77,21,3
7166,77,22,2
7167,77,23,2
7168,77,24,1
7169,77,25,2
7170,77,26,1
7171,77,27,3
7172,77,28,3
7173,77,29,2
7174,77,30,3
7175,77,31,2
7176,77,32,3
7177,77,33,2
7178,77,34,2
7179,77,35,4
7180,77,36,2
7181,77,37,4
7182,77,38,4
7183,77,39,3
7184,77,40,2
7185,77,41,4
7186,77,42,3
7187,77,43,2
7188,77,44,4
7189,77,45,3
7190,77,46,2
7191,77,47,2
7192,77,48,3
7193,77,49,4
7194,77,50,3
7195,77,51,3
7196,77,52,2
7197,77,53,4
7198,77,54,2
7199,77,55,3
7200,77,56,4
7201,77,57,4
7202,77,58,2
7203,77,59,3
7204,77,60,4
7205,77,61,4
7206,77,62,4
7207,77,63,3
7208,77,64,3
7209,77,65,4
7210,77,66,2
7211,77,67,4
7212,77,68,2
7213,77,69,4
7214,77,70,4
7215,77,71,2
7216,77,72,3
7217,77,73,2
7218,77,74,4
7219,77,75,2
7220,77,76,2
7221,77,77,3
7222,77,78,4
7223,77,79,3
7224,77,80,4
7225,77,81,4
7226,77,82,4
7227,77,83,2
7228,77,84,2
7229,77,85,2
7230,77,86,4
7231,77,87,4
7232,77,88,3
7233,77,89,3
7234,77,90,4
7235,77,91,3
7236,77,92,2
7237,77,93,2
7238,77,94,4
7239,78,1,2
7240,78,2,3
7241,78,3,3
7242,78,4,1
7243,78,5,2
7244,78,6,3
7245,78,7,1
7246,78,8,1
7247,78,9,1
7248,78,10,1
7249,78,11,2
7250,78,12,3
7251,78,13,3
7252,78,14,3
7253,78,15,2
7254,78,16,1
7255,78,17,3
7256,78,18,1
7257,78,19,1
7258,78,20,1
7259,78,21,2
7260,78,22,1
7261,78,23,3
7262,78,24,2
7263,78,25,1
7264,78,26,1
7265,78,27,2
7266,78,28,3
7267,78,29,3
7268,78,30,2
7269,78,31,1
7270,78,32,3
7271,78,33,3
7272,78,34,2
7273,78,35,3
7274,78,36,3
7275,78,37,3
7276,78,38,2
7277,78,39,4
7278,78,40,4
7279,78,41,3
7280,78,42,3
7281,78,43,2
7282,78,44,3
7283,78,45,4
7284,78,46,2
7285,78,47,3
7286,78,48,2
7287,78,49,4
7288,78,50,2
7289,78,51,3
7290,78,52,3
7291,78,53,4
7292,78,54,2
7293,78,55,4
7294,78,56,3
7295,78,57,2
7296,78,58,2
7297,78,59,4
7298,78,60,3
7299,78,61,4
7300,78,62,3
7301,78,63,4
7302,78,64,3
7303,78,65,3
7304,78,66,3
7305,78,67,4
7306,78,68,3
7307,78,69,2
7308,78,70,2
7309,78,71,4
7310,78,72,3
7311,78,73,3
7312,78,74,3
7313,78,75,3
7314,78,76,4
7315,78,77,2
7316,78,78,3
7317,78,79,2
7318,78,80,3
7319,78,81,3
7320,78,82,4
7321,78,83,3
7322,78,84,4
7323,78,85,2
7324,78,86,4
7325,78,87,2
7326,78,88,4
7327,78,89,4
7328,78,90,3
7329,78,91,4
7330,78,92,4
7331,78,93,2
7332,78,94,2
7333,79,1,1
7334,79,2,2
7335,79,3,2
7336,79,4,3
7337,79,5,1
7338,79,6,1
7339,79,7,2
7340,79,8,3
7341,79,9,2
7342,79,10,1
7343,79,11,3
7344,79,12,2
7345,79,13,2
7346,79,14,3
7347,79,15,3
7348,79,16,1
7349,79,17,2
7350,79,18,3
7351,79,19,1
7352,79,20,3
7353,79,21,1
7354,79,22,3
7355,79,23,2
7356,79,24,2
7357,79,25,1
7358,79,26,1
7359,79,27,3
7360,79,28,1
7361,79,29,1
7362,79,30,3
7363,79,31,3
7364,79,32,1
7365,79,33,4
7366,79,34,4
7367,79,35,2
7368,79,36,3
7369,79,37,2
7370,79,38,3
7371,79,39,4
7372,79,40,2
7373,79,41,4
7374,79,42,3
7375,79,43,2
7376,79,44,4
7377,79,45,4
7378,79,46,3
7379,79,47,3
7380,79,48,4
7381,79,49,4
7382,79,50,4
7383,79,51,4
7384,79,52,3
7385,79,53,4
7386,79,54,3
7387,79,55,3
7388,79,56,4
7389,79,57,4
7390,79,58,4
7391,79,59,4
7392,79,60,3
7393,79,61,4
7394,79,62,2
7395,79,63,2
7396,79,64,3
7397,79,65,4
7398,79,66,4
7399,79,67,4
7400,79,68,4
7401,79,69,4
7402,79,70,3
7403,79,71,2
7404,79,72,4
7405,79,73,4
7406,79,74,4
7407,79,75,4
7408,79,76,3
7409,79,77,3
7410,79,78,2
7411,79,79,2
7412,79,80,3
7413,79,81,3
7414,79,82,3
7415,79,83,3
7416,79,84,4
7417,79,85,3
7418,79,86,3
7419,79,87,3
7420,79,88,3
7421,79,89,3
7422,79,90,4
7423,79,91,3
7424,79,92,2
7425,79,93,2
7426,79,94,4
7427,80,1,3
7428,80,2,3
7429,80,3,1
7430,80,4,3
7431,80,5,2
7432,80,6,3
7433,80,7,3
7434,80,8,3
7435,80,9,2
7436,80,10,1
7437,80,11,2
7438,80,12,2
7439,80,13,2
7440,80,14,3
7441,80,15,1
7442,80,16,2
7443,80,17,2
7444,80,18,2
7445,80,19,3
7446,80,20,1
7447,80,21,1
7448,80,22,3
7449,80,23,3
7450,80,24,2
7451,80,25,2
7452,80,26,1
7453,80,27,1
7454,80,28,1
7455,80,29,1
7456,80,30,2
7457,80,31,2
7458,80,32,3
7459,80,33,2
7460,80,34,4
7461,80,35,4
7462,80,36,4
7463,80,37,4
7464,80,38,2
7465,80,39,2
7466,80,40,3
7467,80,41,4
7468,80,42,4
7469,80,43,3
7470,80,44,2
7471,80,45,4
7472,80,46,2
7473,80,47,2
7474,80,48,4
7475,80,49,4
7476,80,50,4
7477,80,51,2
7478,80,52,2
7479,80,53,2
7480,80,54,3
7481,80,55,3
7482,80,56,2
7483,80,57,3
7484,80,58,4
7485,80,59,3
7486,80,60,4
7487,80,61,2
7488,80,62,4
7489,80,63,3
7490,80,64,2
7491,80,65,3
7492,80,66,4
7493,80,67,4
7494,80,68,3
7495,80,69,4
7496,80,70,4
7497,80,71,3
7498,80,72,4
7499,80,73,2
7500,80,74,4
7501,80,75,3
7502,80,76,2
7503,80,77,3
7504,80,78,2
7505,80,79,2
7506,80,80,4
7507,80,81,4
7508,80,82,4
7509,80,83,4
7510,80,84,3
7511,80,85,4
7512,80,86,2
7513,80,87,4
7514,80,88,3
7515,80,89,2
7516,80,90,4
7517,80,91,3
7518,80,92,3
7519,80,93,2
7520,80,94,3
7521,81,1,2
7522,81,2,1
7523,81,3,2
7524,81,4,3
7525,81,5,2
7526,81,6,3
7527,81,7,1
7528,81,8,3
7529,81,9,1
7530,81,10,1
7531,81,11,3
7532,81,12,1
7533,81,13,2
7534,81,14,3
7535,81,15,1
7536,81,16,2
7537,81,17,3
7538,81,18,3
7539,81,19,2
7540,81,20,2
7541,81,21,2
7542,81,22,1
7543,81,23,3
7544,81,24,3
7545,81,25,1
7546,81,26,1
7547,81,27,1
7548,81,28,2
7549,81,29,2
7550,81,30,3
7551,81,31,2
7552,81,32,1
7553,81,33,2
7554,81,34,2
7555,81,35,3
7556,81,36,2
7557,81,37,2
7558,81,38,4
7559,81,39,2
7560,81,40,2
7561,81,41,2
7562,81,42,3
7563,81,43,2
7564,81,44,4
7565,81,45,4
7566,81,46,2
7567,81,47,3
7568,81,48,3
7569,81,49,3
7570,81,50,3
7571,81,51,3
7572,81,52,2
7573,81,53,3
7574,81,54,2
7575,81,55,2
7576,81,56,4
7577,81,57,2
7578,81,58,3
7579,81,59,2
7580,81,60,3
7581,81,61,2
7582,81,62,2
7583,81,63,2
7584,81,64,3
7585,81,65,4
7586,81,66,4
7587,81,67,2
7588,81,68,4
7589,81,69,3
7590,81,70,4
7591,81,71,2
7592,81,72,2
7593,81,73,2
7594,81,74,4
7595,81,75,2
7596,81,76,2
7597,81,77,2
7598,81,78,4
7599,81,79,4
7600,81,80,3
7601,81,81,3
7602,81,82,4
7603,81,83,3
7604,81,84,2
7605,81,85,2
7606,81,86,4
7607,81,87,2
7608,81,88,2
7609,81,89,4
7610,81,90,2
7611,81,91,2
7612,81,92,2
7613,81,93,4
7614,81,94,3
7615,82,1,3
7616,82,2,3
7617,82,3,2
7618,82,4,3
7619,82,5,2
7620,82,6,1
7621,82,7,3
7622,82,8,1
7623,82,9,1
7624,82,10,2
7625,82,11,2
7626,82,12,2
7627,82,13,2
7628,82,14,3
7629,82,15,1
7630,82,16,1
7631,82,17,3
7632,82,18,1
7633,82,19,3
7634,82,20,1
7635,82,21,2
7636,82,22,1
7637,82,23,1
7638,82,24,1
7639,82,25,3
7640,82,26,2
7641,82,27,2
7642,82,28,1
7643,82,29,3
7644,82,30,2
7645,82,31,1
7646,82,32,2
7647,82,33,3
7648,82,34,3
7649,82,35,3
7650,82,36,4
7651,82,37,3
7652,82,38,4
7653,82,39,2
7654,82,40,3
7655,82,41,2
7656,82,42,3
7657,82,43,4
7658,82,44,2
7659,82,45,4
7660,82,46,4
7661,82,47,2
7662,82,48,3
7663,82,49,4
7664,82,50,2
7665,82,51,2
7666,82,52,4
7667,82,53,4
7668,82,54,2
7669,82,55,3
7670,82,56,2
7671,82,57,3
7672,82,58,2
7673,82,59,4
7674,82,60,4
7675,82,61,4
7676,82,62,2
7677,82,63,4
7678,82,64,2
7679,82,65,2
7680,82,66,3
7681,82,67,4
7682,82,68,2
7683,82,69,3
7684,82,70,4
7685,82,71,3
7686,82,72,2
7687,82,73,2
7688,82,74,4
7689,82,75,3
7690,82,76,2
7691,82,77,4
7692,82,78,4
7693,82,79,2
7694,82,80,3
7695,82,81,4
7696,82,82,3
7697,82,83,3
7698,82,84,3
7699,82,85,3
7700,82,86,2
7701,82,87,3
7702,82,88,2
7703,82,89,4
7704,82,90,2
7705,82,91,3
7706,82,92,2
7707,82,93,3
7708,82,94,3
7709,83,1,3
7710,83,2,2
7711,83,3,3
7712,83,4,2
7713,83,5,1
7714,83,6,2
7715,83,7,1
7716,83,8,2
7717,83,9,2
7718,83,10,2
7719,83,11,1
7720,83,12,1
7721,83,13,1
7722,83,14,3
7723,83,15,2
7724,83,16,1
7725,83,17,2
7726,83,18,3
7727,83,19,1
7728,83,20,2
7729,83,21,1
7730,83,22,2
7731,83,23,1
7732,83,24,3
7733,83,25,2
7734,83,26,1
7735,83,27,2
7736,83,28,1
7737,83,29,2
7738,83,30,2
7739,83,31,2
7740,83,32,3
7741,83,33,3
7742,83,34,3
7743,83,35,2
7744,83,36,4
7745,83,37,2
7746,83,38,4
7747,83,39,3
7748,83,40,2
7749,83,41,4
7750,83,42,4
7751,83,43,2
7752,83,44,4
7753,83,45,3
7754,83,46,2
7755,83,47,3
7756,83,48,4
7757,83,49,3
7758,83,50,3
7759,83,51,2
7760,83,52,3
7761,83,53,3
7762,83,54,4
7763,83,55,2
7764,83,56,2
7765,83,57,3
7766,83,58,2
7767,83,59,3
7768,83,60,2
7769,83,61,2
7770,83,62,4
7771,83,63,2
7772,83,64,2
7773,83,65,4
7774,83,66,2
7775,83,67,2
7776,83,68,4
7777,83,69,2
7778,83,70,3
7779,83,71,3
7780,83,72,2
7781,83,73,4
7782,83,74,4
7783,83,75,4
7784,83,76,4
7785,83,77,3
7786,83,78,4
7787,83,79,3
7788,83,80,2
7789,83,81,4
7790,83,82,4
7791,83,83,2
7792,83,84,3
7793,83,85,2
7794,83,86,4
7795,83,87,2
7796,83,88,3
7797,83,89,3
7798,83,90,3
7799,83,91,3
7800,83,92,3
7801,83,93,4
7802,83,94,2
7803,84,1,3
7804,84,2,3
7805,84,3,3
7806,84,4,2
7807,84,5,2
7808,84,6,3
7809,84,7,1
7810,84,8,3
7811,84,9,1
7812,84,10,1
7813,84,11,2
7814,84,12,1
7815,84,13,3
7816,84,14,1
7817,84,15,3
7818,84,16,2
7819,84,17,3
7820,84,18,2
7821,84,19,3
7822,84,20,1
7823,84,21,1
7824,84,22,3
7825,84,23,2
7826,84,24,1
7827,84,25,3
7828,84,26,1
7829,84,27,3
7830,84,28,3
7831,84,29,2
7832,84,30,2
7833,84,31,1
7834,84,32,1
7835,84,33,4
7836,84,34,2
7837,84,35,3
7838,84,36,2
7839,84,37,2
7840,84,38,4
7841,84,39,4
7842,84,40,4
7843,84,41,3
7844,84,42,3
7845,84,43,4
7846,84,44,2
7847,84,45,4
7848,84,46,2
7849,84,47,4
7850,84,48,4
7851,84,49,2
7852,84,50,4
7853,84,51,3
7854,84,52,3
7855,84,53,2
7856,84,54,3
7857,84,55,2
7858,84,56,2
7859,84,57,2
7860,84,58,4
7861,84,59,2
7862,84,60,2
7863,84,61,2
7864,84,62,2
7865,84,63,4
7866,84,64,3
7867,84,65,2
7868,84,66,3
7869,84,67,3
7870,84,68,3
7871,84,69,4
7872,84,70,3
7873,84,71,3
7874,84,72,4
7875,84,73,2
7876,84,74,2
7877,84,75,4
7878,84,76,2
7879,84,77,2
7880,84,78,2
7881,84,79,4
7882,84,80,3
7883,84,81,2
7884,84,82,2
7885,84,83,4
7886,84,84,3
7887,84,85,4
7888,84,86,4
7889,84,87,2
7890,84,88,2
7891,84,89,3
7892,84,90,3
7893,84,91,4
7894,84,92,3
7895,84,93,3
7896,84,94,2
7897,85,1,2
7898,85,2,1
7899,85,3,3
7900,85,4,2
7901,85,5,1
7902,85,6,2
7903,85,7,2
7904,85,8,2
7905,85,9,1
7906,85,10,3
7907,85,11,3
7908,85,12,1
7909,85,13,3
7910,85,14,3
7911,85,15,2
7912,85,16,1
7913,85,17,2
7914,85,18,2
7915,85,19,1
7916,85,20,1
7917,85,21,3
7918,85,22,1
7919,85,23,1
7920,85,24,2
7921,85,25,2
7922,85,26,2
7923,85,27,3
7924,85,28,3
7925,85,29,3
7926,85,30,3
7927,85,31,1
7928,85,32,1
7929,85,33,3
7930,85,34,3
7931,85,35,2
7932,85,36,2
7933,85,37,2
7934,85,38,4
7935,85,39,3
7936,85,40,3
7937,85,41,2
7938,85,42,4
7939,85,43,4
7940,85,44,3
7941,85,45,3
7942,85,46,4
7943,85,47,4
7944,85,48,2
7945,85,49,2
7946,85,50,3
7947,85,51,2
7948,85,52,2
7949,85,53,4
7950,85,54,2
7951,85,55,4
7952,85,56,3
7953,85,57,3
7954,85,58,3
7955,85,59,3
7956,85,60,4
7957,85,61,2
7958,85,62,2
7959,85,63,4
7960,85,64,2
7961,85,65,3
7962,85,66,2
7963,85,67,3
7964,85,68,3
7965,85,69,4
7966,85,70,3
7967,85,71,4
7968,85,72,2
7969,85,73,2
7970,85,74,4
7971,85,75,2
7972,85,76,2
7973,85,77,2
7974,85,78,3
7975,85,79,2
7976,85,80,4
7977,85,81,4
7978,85,82,4
7979,85,83,4
7980,85,84,2
7981,85,85,2
7982,85,86,4
7983,85,87,2
7984,85,88,2
7985,85,89,4
7986,85,90,2
7987,85,91,2
7988,85,92,4
7989,85,93,2
7990,85,94,2
7991,86,1,3
7992,86,2,1
7993,86,3,3
7994,86,4,3
7995,86,5,3
7996,86,6,1
7997,86,7,1
7998,86,8,2
7999,86,9,2
8000,86,10,3
8001,86,11,3
8002,86,12,2
8003,86,13,2
8004,86,14,3
8005,86,15,2
8006,86,16,1
8007,86,17,1
8008,86,18,1
8009,86,19,1
8010,86,20,2
8011,86,21,1
8012,86,22,2
8013,86,23,1
8014,86,24,1
8015,86,25,1
8016,86,26,2
8017,86,27,1
8018,86,28,3
8019,86,29,1
8020,86,30,1
8021,86,31,1
8022,86,32,3
8023,86,33,4
8024,86,34,4
8025,86,35,3
8026,86,36,4
8027,86,37,2
8028,86,38,2
8029,86,39,4
8030,86,40,3
8031,86,41,4
8032,86,42,4
8033,86,43,2
8034,86,44,4
8035,86,45,2
8036,86,46,2
8037,86,47,2
8038,86,48,2
8039,86,49,2
8040,86,50,3
8041,86,51,2
8042,86,52,4
8043,86,53,2
8044,86,54,2
8045,86,55,3
8046,86,56,2
8047,86,57,2
8048,86,58,3
8049,86,59,4
8050,86,60,4
8051,86,61,4
8052,86,62,2
8053,86,63,2
8054,86,64,4
8055,86,65,4
8056,86,66,3
8057,86,67,3
8058,86,68,3
8059,86,69,2
8060,86,70,4
8061,86,71,2
8062,86,72,3
8063,86,73,4
8064,86,74,4
8065,86,75,3
8066,86,76,4
8067,86,77,3
8068,86,78,4
8069,86,79,4
8070,86,80,2
8071,86,81,2
8072,86,82,4
8073,86,83,3
8074,86,84,3
8075,86,85,3
8076,86,86,3
8077,86,87,3
8078,86,88,4
8079,86,89,3
8080,86,90,3
8081,86,91,2
8082,86,92,4
8083,86,93,4
8084,86,94,2
8085,87,1,3
8086,87,2,3
8087,87,3,3
8088,87,4,3
8089,87,5,1
8090,87,6,2
8091,87,7,2
8092,87,8,1
8093,87,9,1
8094,87,10,1
8095,87,11,2
8096,87,12,3
8097,87,13,2
8098,87,14,2
8099,87,15,1
8100,87,16,3
8101,87,17,3
8102,87,18,1
8103,87,19,2
8104,87,20,1
8105,87,21,1
8106,87,22,1
8107,87,23,2
8108,87,24,2
8109,87,25,2
8110,87,26,1
8111,87,27,3
8112,87,28,2
8113,87,29,1
8114,87,30,3
8115,87,31,1
8116,87,32,1
8117,87,33,4
8118,87,34,3
8119,87,35,2
8120,87,36,3
8121,87,37,2
8122,87,38,4
8123,87,39,2
8124,87,40,4
8125,87,41,4
8126,87,42,4
8127,87,43,2
8128,87,44,2
8129,87,45,4
8130,87,46,3
8131,87,47,2
8132,87,48,2
8133,87,49,2
8134,87,50,4
8135,87,51,4
8136,87,52,4
8137,87,53,2
8138,87,54,2
8139,87,55,2
8140,87,56,2
8141,87,57,4
8142,87,58,4
8143,87,59,2
8144,87,60,4
8145,87,61,4
8146,87,62,4
8147,87,63,2
8148,87,64,3
8149,87,65,2
8150,87,66,4
8151,87,67,3
8152,87,68,3
8153,87,69,2
8154,87,70,2
8155,87,71,3
8156,87,72,2
8157,87,73,3
8158,87,74,4
8159,87,75,3
8160,87,76,4
8161,87,77,2
8162,87,78,4
8163,87,79,2
8164,87,80,2
8165,87,81,2
8166,87,82,2
8167,87,83,3
8168,87,84,4
8169,87,85,4
8170,87,86,4
8171,87,87,3
8172,87,88,2
8173,87,89,4
8174,87,90,3
8175,87,91,4
8176,87,92,4
8177,87,93,2
8178,87,94,2
8179,88,1,3
8180,88,2,3
8181,88,3,3
8182,88,4,3
8183,88,5,1
8184,88,6,1
8185,88,7,2
8186,88,8,3
8187,88,9,3
8188,88,10,2
8189,88,11,3
8190,88,12,3
8191,88,13,1
8192,88,14,1
8193,88,15,1
8194,88,16,1
8195,88,17,2
8196,88,18,3
8197,88,19,3
8198,88,20,1
8199,88,21,1
8200,88,22,2
8201,88,23,2
8202,88,24,3
8203,88,25,1
8204,88,26,2
8205,88,27,3
8206,88,28,2
8207,88,29,1
8208,88,30,3
8209,88,31,3
8210,88,32,2
8211,88,33,3
8212,88,34,3
8213,88,35,3
8214,88,36,3
8215,88,37,2
8216,88,38,2
8217,88,39,3
8218,88,40,4
8219,88,41,4
8220,88,42,2
8221,88,43,4
8222,88,44,2
8223,88,45,4
8224,88,46,2
8225,88,47,3
8226,88,48,2
8227,88,49,4
8228,88,50,2
8229,88,51,3
8230,88,52,4
8231,88,53,2
8232,88,54,2
8233,88,55,3
8234,88,56,3
8235,88,57,2
8236,88,58,3
8237,88,59,4
8238,88,60,3
8239,88,61,4
8240,88,62,4
8241,88,63,4
8242,88,64,4
8243,88,65,4
8244,88,66,2
8245,88,67,4
8246,88,68,2
8247,88,69,4
8248,88,70,2
8249,88,71,3
8250,88,72,2
8251,88,73,3
8252,88,74,2
8253,88,75,2
8254,88,76,3
8255,88,77,2
8256,88,78,4
8257,88,79,3
8258,88,80,4
8259,88,81,3
8260,88,82,3
8261,88,83,2
8262,88,84,3
8263,88,85,3
8264,88,86,3
8265,88,87,4
8266,88,88,3
8267,88,89,3
8268,88,90,3
8269,88,91,4
8270,88,92,4
8271,88,93,2
8272,88,94,3
8273,89,1,1
8274,89,2,3
8275,89,3,2
8276,89,4,2
8277,89,5,3
8278,89,6,1
8279,89,7,1
8280,89,8,2
8281,89,9,1
8282,89,10,3
8283,89,11,3
8284,89,12,2
8285,89,13,2
8286,89,14,3
8287,89,15,1
8288,89,16,3
8289,89,17,3
8290,89,18,2
8291,89,19,1
8292,89,20,1
8293,89,21,1
8294,89,22,2
8295,89,23,1
8296,89,24,1
8297,89,25,1
8298,89,26,1
8299,89,27,3
8300,89,28,1
8301,89,29,3
8302,89,30,1
8303,89,31,2
8304,89,32,2
8305,89,33,4
8306,89,34,4
8307,89,35,2
8308,89,36,3
8309,89,37,2
8310,89,38,4
8311,89,39,4
8312,89,40,3
8313,89,41,2
8314,89,42,3
8315,89,43,4
8316,89,44,4
8317,89,45,4
8318,89,46,4
8319,89,47,3
8320,89,48,2
8321,89,49,2
8322,89,50,2
8323,89,51,4
8324,89,52,4
8325,89,53,4
8326,89,54,2
8327,89,55,3
8328,89,56,2
8329,89,57,4
8330,89,58,3
8331,89,59,3
8332,89,60,4
8333,89,61,2
8334,89,62,3
8335,89,63,2
8336,89,64,4
8337,89,65,4
8338,89,66,3
8339,89,67,2
8340,89,68,3
8341,89,69,3
8342,89,70,3
8343,89,71,2
8344,89,72,3
8345,89,73,4
8346,89,74,4
8347,89,75,3
8348,89,76,2
8349,89,77,4
8350,89,78,4
8351,89,79,2
8352,89,80,4
8353,89,81,3
8354,89,82,4
8355,89,83,2
8356,89,84,2
8357,89,85,4
8358,89,86,4
8359,89,87,2
8360,89,88,2
8361,89,89,3
8362,89,90,3
8363,89,91,3
8364,89,92,3
8365,89,93,4
8366,89,94,2
8367,90,1,3
8368,90,2,3
8369,90,3,3
8370,90,4,2
8371,90,5,2
8372,90,6,3
8373,90,7,1
8374,90,8,1
8375,90,9,1
8376,90,10,3
8377,90,11,1
8378,90,12,3
8379,90,13,1
8380,90,14,2
8381,90,15,1
8382,90,16,2
8383,90,17,1
8384,90,18,1
8385,90,19,3
8386,90,20,2
8387,90,21,3
8388,90,22,2
8389,90,23,2
8390,90,24,2
8391,90,25,1
8392,90,26,1
8393,90,27,1
8394,90,28,2
8395,90,29,2
8396,90,30,2
8397,90,31,3
8398,90,32,2
8399,90,33,3
8400,90,34,2
8401,90,35,3
8402,90,36,4
8403,90,37,4
8404,90,38,4
8405,90,39,4
8406,90,40,4
8407,90,41,2
8408,90,42,3
8409,90,43,4
8410,90,44,2
8411,90,45,2
8412,90,46,3
8413,90,47,4
8414,90,48,4
8415,90,49,4
8416,90,50,2
8417,90,51,4
8418,90,52,4
8419,90,53,3
8420,90,54,2
8421,90,55,2
8422,90,56,2
8423,90,57,2
8424,90,58,4
8425,90,59,3
8426,90,60,2
8427,90,61,2
8428,90,62,4
8429,90,63,2
8430,90,64,2
8431,90,65,3
8432,90,66,4
8433,90,67,2
8434,90,68,4
8435,90,69,4
8436,90,70,3
8437,90,71,4
8438,90,72,2
8439,90,73,4
8440,90,74,2
8441,90,75,4
8442,90,76,2
8443,90,77,3
8444,90,78,2
8445,90,79,2
8446,90,80,2
8447,90,81,4
8448,90,82,2
8449,90,83,4
8450,90,84,3
8451,90,85,3
8452,90,86,3
8453,90,87,3
8454,90,88,2
8455,90,89,4
8456,90,90,2
8457,90,91,3
8458,90,92,3
8459,90,93,2
8460,90,94,2
8461,91,1,1
8462,91,2,3
8463,91,3,2
8464,91,4,3
8465,91,5,3
8466,91,6,2
8467,91,7,2
8468,91,8,2
8469,91,9,3
8470,91,10,2
8471,91,11,2
8472,91,12,1
8473,91,13,2
8474,91,14,3
8475,91,15,2
8476,91,16,1
8477,91,17,3
8478,91,18,2
8479,91,19,2
8480,91,20,2
8481,91,21,2
8482,91,22,3
8483,91,23,3
8484,91,24,2
8485,91,25,2
8486,91,26,1
8487,91,27,2
8488,91,28,3
8489,91,29,3
8490,91,30,3
8491,91,31,3
8492,91,32,2
8493,91,33,2
8494,91,34,4
8495,91,35,2
8496,91,36,4
8497,91,37,4
8498,91,38,4
8499,91,39,2
8500,91,40,3
8501,91,41,2
8502,91,42,4
8503,91,43,4
8504,91,44,3
8505,91,45,2
8506,91,46,3
8507,91,47,4
8508,91,48,2
8509,91,49,2
8510,91,50,2
8511,91,51,2
8512,91,52,3
8513,91,53,4
8514,91,54,2
8515,91,55,3
8516,91,56,4
8517,91,57,4
8518,91,58,4
8519,91,59,4
8520,91,60,4
8521,91,61,4
8522,91,62,4
8523,91,63,4
8524,91,64,3
8525,91,65,2
8526,91,66,3
8527,91,67,2
8528,91,68,3
8529,91,69,4
8530,91,70,3
8531,91,71,3
8532,91,72,3
8533,91,73,3
8534,91,74,3
8535,91,75,2
8536,91,76,3
8537,91,77,4
8538,91,78,2
8539,91,79,4
8540,91,80,2
8541,91,81,3
8542,91,82,3
8543,91,83,4
8544,91,84,3
8545,91,85,2
8546,91,86,3
8547,91,87,3
8548,91,88,4
8549,91,89,2
8550,91,90,3
8551,91,91,4
8552,91,92,4
8553,91,93,2
8554,91,94,2
8555,92,1,1
8556,92,2,2
8557,92,3,3
8558,92,4,3
8559,92,5,2
8560,92,6,1
8561,92,7,3
8562,92,8,2
8563,92,9,3
8564,92,10,2
8565,92,11,3
8566,92,12,1
8567,92,13,2
8568,92,14,1
8569,92,15,2
8570,92,16,1
8571,92,17,3
8572,92,18,2
8573,92,19,2
8574,92,20,3
8575,92,21,1
8576,92,22,2
8577,92,23,1
8578,92,24,2
8579,92,25,1
8580,92,26,1
8581,92,27,3
8582,92,28,3
8583,92,29,3
8584,92,30,3
8585,92,31,2
8586,92,32,2
8587,92,33,4
8588,92,34,4
8589,92,35,2
8590,92,36,3
8591,92,37,4
8592,92,38,2
8593,92,39,3
8594,92,40,3
8595,92,41,2
8596,92,42,4
8597,92,43,2
8598,92,44,4
8599,92,45,3
8600,92,46,2
8601,92,47,4
8602,92,48,3
8603,92,49,2
8604,92,50,4
8605,92,51,4
8606,92,52,2
8607,92,53,4
8608,92,54,2
8609,92,55,2
8610,92,56,2
8611,92,57,2
8612,92,58,3
8613,92,59,3
8614,92,60,2
8615,92,61,3
8616,92,62,3
8617,92,63,4
8618,92,64,3
8619,92,65,2
8620,92,66,2
8621,92,67,3
8622,92,68,3
8623,92,69,2
8624,92,70,4
8625,92,71,2
8626,92,72,2
8627,92,73,3
8628,92,74,3
8629,92,75,3
8630,92,76,2
8631,92,77,3
8632,92,78,2
8633,92,79,2
8634,92,80,3
8635,92,81,2
8636,92,82,2
8637,92,83,2
8638,92,84,3
8639,92,85,2
8640,92,86,3
8641,92,87,2
8642,92,88,3
8643,92,89,2
8644,92,90,2
8645,92,91,3
8646,92,92,2
8647,92,93,3
8648,92,94,3
8649,93,1,1
8650,93,2,3
8651,93,3,1
8652,93,4,1
8653,93,5,3
8654,93,6,2
8655,93,7,3
8656,93,8,1
8657,93,9,2
8658,93,10,3
8659,93,11,2
8660,93,12,1
8661,93,13,3
8662,93,14,2
8663,93,15,1
8664,93,16,1
8665,93,17,3
8666,93,18,2
8667,93,19,1
8668,93,20,1
8669,93,21,3
8670,93,22,3
8671,93,23,1
8672,93,24,3
8673,93,25,1
8674,93,26,1
8675,93,27,1
8676,93,28,2
8677,93,29,2
8678,93,30,3
8679,93,31,1
8680,93,32,3
8681,93,33,3
8682,93,34,3
8683,93,35,2
8684,93,36,2
8685,93,37,2
8686,93,38,2
8687,93,39,4
8688,93,40,2
8689,93,41,2
8690,93,42,4
8691,93,43,3
8692,93,44,4
8693,93,45,4
8694,93,46,4
8695,93,47,3
8696,93,48,3
8697,93,49,2
8698,93,50,2
8699,93,51,2
8700,93,52,3
8701,93,53,3
8702,93,54,2
8703,93,55,4
8704,93,56,2
8705,93,57,4
8706,93,58,3
8707,93,59,3
8708,93,60,3
8709,93,61,3
8710,93,62,2
8711,93,63,3
8712,93,64,4
8713,93,65,4
8714,93,66,2
8715,93,67,2
8716,93,68,2
8717,93,69,4
8718,93,70,4
8719,93,71,2
8720,93,72,2
8721,93,73,2
8722,93,74,4
8723,93,75,3
8724,93,76,4
8725,93,77,3
8726,93,78,4
8727,93,79,3
8728,93,80,2
8729,93,81,3
8730,93,82,2
8731,93,83,4
8732,93,84,3
8733,93,85,3
8734,93,86,2
8735,93,87,3
8736,93,88,4
8737,93,89,2
8738,93,90,2
8739,93,91,2
8740,93,92,4
8741,93,93,4
8742,93,94,4
8743,94,1,3
8744,94,2,2
8745,94,3,3
8746,94,4,1
8747,94,5,1
8748,94,6,3
8749,94,7,2
8750,94,8,2
8751,94,9,3
8752,94,10,3
8753,94,11,3
8754,94,12,3
8755,94,13,2
8756,94,14,3
8757,94,15,1
8758,94,16,1
8759,94,17,2
8760,94,18,1
8761,94,19,3
8762,94,20,2
8763,94,21,3
8764,94,22,1
8765,94,23,1
8766,94,24,2
8767,94,25,3
8768,94,26,2
8769,94,27,3
8770,94,28,3
8771,94,29,3
8772,94,30,2
8773,94,31,2
8774,94,32,2
8775,94,33,2
8776,94,34,3
8777,94,35,3
8778,94,36,3
8779,94,37,3
8780,94,38,4
8781,94,39,3
8782,94,40,4
8783,94,41,2
8784,94,42,2
8785,94,43,3
8786,94,44,2
8787,94,45,3
8788,94,46,3
8789,94,47,4
8790,94,48,3
8791,94,49,4
8792,94,50,2
8793,94,51,3
8794,94,52,2
8795,94,53,3
8796,94,54,2
8797,94,55,2
8798,94,56,3
8799,94,57,3
8800,94,58,3
8801,94,59,3
8802,94,60,3
8803,94,61,3
8804,94,62,3
8805,94,63,2
8806,94,64,2
8807,94,65,2
8808,94,66,3
8809,94,67,2
8810,94,68,4
8811,94,69,4
8812,94,70,2
8813,94,71,3
8814,94,72,3
8815,94,73,3
8816,94,74,4
8817,94,75,3
8818,94,76,4
8819,94,77,2
8820,94,78,3
8821,94,79,3
8822,94,80,2
8823,94,81,2
8824,94,82,3
8825,94,83,2
8826,94,84,3
8827,94,85,3
8828,94,86,4
8829,94,87,2
8830,94,88,4
8831,94,89,4
8832,94,90,2
8833,94,91,3
8834,94,92,2
8835,94,93,3
8836,94,94,2
8837,95,1,2
8838,95,2,2
8839,95,3,1
8840,95,4,1
8841,95,5,3
8842,95,6,3
8843,95,7,1
8844,95,8,1
8845,95,9,1
8846,95,10,2
8847,95,11,1
8848,95,12,3
8849,95,13,3
8850,95,14,3
8851,95,15,1
8852,95,16,3
8853,95,17,2
8854,95,18,3
8855,95,19,2
8856,95,20,2
8857,95,21,2
8858,95,22,3
8859,95,23,3
8860,95,24,2
8861,95,25,1
8862,95,26,1
8863,95,27,2
8864,95,28,2
8865,95,29,3
8866,95,30,2
8867,95,31,2
8868,95,32,2
8869,95,33,2
8870,95,34,4
8871,95,35,2
8872,95,36,4
8873,95,37,2
8874,95,38,4
8875,95,39,3
8876,95,40,3
8877,95,41,3
8878,95,42,4
8879,95,43,4
8880,95,44,3
8881,95,45,3
8882,95,46,3
8883,95,47,3
8884,95,48,3
8885,95,49,4
8886,95,50,4
8887,95,51,2
8888,95,52,2
8889,95,53,2
8890,95,54,2
8891,95,55,3
8892,95,56,3
8893,95,57,4
8894,95,58,4
8895,95,59,2
8896,95,60,4
8897,95,61,4
8898,95,62,4
8899,95,63,2
8900,95,64,3
8901,95,65,4
8902,95,66,3
8903,95,67,2
8904,95,68,4
8905,95,69,2
8906,95,70,4
8907,95,71,2
8908,95,72,3
8909,95,73,2
8910,95,74,2
8911,95,75,2
8912,95,76,2
8913,95,77,3
8914,95,78,3
8915,95,79,2
8916,95,80,3
8917,95,81,3
8918,95,82,3
8919,95,83,3
8920,95,84,2
8921,95,85,4
8922,95,86,2
8923,95,87,2
8924,95,88,2
8925,95,89,2
8926,95,90,2
8927,95,91,4
8928,95,92,4
8929,95,93,4
8930,95,94,2
8931,96,1,1
8932,96,2,2
8933,96,3,2
8934,96,4,1
8935,96,5,2
8936,96,6,2
8937,96,7,3
8938,96,8,1
8939,96,9,3
8940,96,10,2
8941,96,11,1
8942,96,12,2
8943,96,13,2
8944,96,14,1
8945,96,15,2
8946,96,16,2
8947,96,17,1
8948,96,18,3
8949,96,19,3
8950,96,20,3
8951,96,21,1
8952,96,22,2
8953,96,23,3
8954,96,24,3
8955,96,25,3
8956,96,26,2
8957,96,27,1
8958,96,28,1
8959,96,29,1
8960,96,30,1
8961,96,31,3
8962,96,32,2
8963,96,33,4
8964,96,34,4
8965,96,35,3
8966,96,36,2
8967,96,37,2
8968,96,38,2
8969,96,39,3
8970,96,40,2
8971,96,41,4
8972,96,42,4
8973,96,43,4
8974,96,44,4
8975,96,45,2
8976,96,46,2
8977,96,47,2
8978,96,48,2
8979,96,49,4
8980,96,50,2
8981,96,51,3
8982,96,52,4
8983,96,53,4
8984,96,54,4
8985,96,55,4
8986,96,56,3
8987,96,57,3
8988,96,58,4
8989,96,59,4
8990,96,60,4
8991,96,61,2
8992,96,62,3
8993,96,63,3
8994,96,64,3
8995,96,65,3
8996,96,66,3
8997,96,67,4
8998,96,68,3
8999,96,69,3
9000,96,70,3
9001,96,71,2
9002,96,72,3
9003,96,73,4
9004,96,74,2
9005,96,75,2
9006,96,76,2
9007,96,77,4
9008,96,78,2
9009,96,79,4
9010,96,80,4
9011,96,81,3
9012,96,82,4
9013,96,83,2
9014,96,84,4
9015,96,85,2
9016,96,86,2
9017,96,87,3
9018,96,88,4
9019,96,89,4
9020,96,90,2
9021,96,91,2
9022,96,92,3
9023,96,93,2
9024,96,94,3
9025,97,1,2
9026,97,2,3
9027,97,3,3
9028,97,4,1
9029,97,5,1
9030,97,6,1
9031,97,7,1
9032,97,8,2
9033,97,9,3
9034,97,10,3
9035,97,11,2
9036,97,12,1
9037,97,13,1
9038,97,14,2
9039,97,15,1
9040,97,16,3
9041,97,17,2
9042,97,18,1
9043,97,19,1
9044,97,20,3
9045,97,21,3
9046,97,22,3
9047,97,23,3
9048,97,24,3
9049,97,25,1
9050,97,26,2
9051,97,27,3
9052,97,28,3
9053,97,29,3
9054,97,30,1
9055,97,31,3
9056,97,32,3
9057,97,33,3
9058,97,34,2
9059,97,35,2
9060,97,36,3
9061,97,37,2
9062,97,38,3
9063,97,39,3
9064,97,40,4
9065,97,41,3
9066,97,42,3
9067,97,43,2
9068,97,44,4
9069,97,45,3
9070,97,46,3
9071,97,47,4
9072,97,48,2
9073,97,49,4
9074,97,50,3
9075,97,51,4
9076,97,52,2
9077,97,53,4
9078,97,54,3
9079,97,55,4
9080,97,56,2
9081,97,57,3
9082,97,58,2
9083,97,59,4
9084,97,60,3
9085,97,61,2
9086,97,62,4
9087,97,63,3
9088,97,64,2
9089,97,65,2
9090,97,66,2
9091,97,67,3
9092,97,68,3
9093,97,69,3
9094,97,70,4
9095,97,71,4
9096,97,72,4
9097,97,73,2
9098,97,74,4
9099,97,75,2
9100,97,76,3
9101,97,77,4
9102,97,78,3
9103,97,79,3
9104,97,80,3
9105,97,81,4
9106,97,82,2
9107,97,83,3
9108,97,84,4
9109,97,85,4
9110,97,86,4
9111,97,87,4
9112,97,88,3
9113,97,89,2
9114,97,90,2
9115,97,91,4
9116,97,92,4
9117,97,93,2
9118,97,94,3
9119,98,1,3
9120,98,2,1
9121,98,3,1
9122,98,4,3
9123,98,5,2
9124,98,6,1
9125,98,7,3
9126,98,8,1
9127,98,9,1
9128,98,10,2
9129,98,11,3
9130,98,12,2
9131,98,13,2
9132,98,14,3
9133,98,15,2
9134,98,16,1
9135,98,17,2
9136,98,18,3
9137,98,19,2
9138,98,20,2
9139,98,21,1
9140,98,22,3
9141,98,23,3
9142,98,24,2
9143,98,25,2
9144,98,26,2
9145,98,27,2
9146,98,28,3
9147,98,29,2
9148,98,30,2
9149,98,31,1
9150,98,32,1
9151,98,33,4
9152,98,34,3
9153,98,35,3
9154,98,36,3
9155,98,37,3
9156,98,38,3
9157,98,39,4
9158,98,40,4
9159,98,41,4
9160,98,42,2
9161,98,43,4
9162,98,44,4
9163,98,45,2
9164,98,46,2
9165,98,47,4
9166,98,48,2
9167,98,49,4
9168,98,50,4
9169,98,51,4
9170,98,52,3
9171,98,53,2
9172,98,54,3
9173,98,55,2
9174,98,56,2
9175,98,57,3
9176,98,58,4
9177,98,59,3
9178,98,60,3
9179,98,61,2
9180,98,62,4
9181,98,63,4
9182,98,64,2
9183,98,65,2
9184,98,66,2
9185,98,67,4
9186,98,68,4
9187,98,69,3
9188,98,70,4
9189,98,71,3
9190,98,72,3
9191,98,73,2
9192,98,74,4
9193,98,75,3
9194,98,76,4
9195,98,77,2
9196,98,78,2
9197,98,79,2
9198,98,80,3
9199,98,81,3
9200,98,82,4
9201,98,83,2
9202,98,84,2
9203,98,85,3
9204,98,86,4
9205,98,87,2
9206,98,88,4
9207,98,89,2
9208,98,90,2
9209,98,91,3
9210,98,92,4
9211,98,93,3
9212,98,94,3
9213,99,1,2
9214,99,2,2
9215,99,3,1
9216,99,4,2
9217,99,5,2
9218,99,6,3
9219,99,7,2
9220,99,8,2
9221,99,9,3
9222,99,10,3
9223,99,11,3
9224,99,12,2
9225,99,13,3
9226,99,14,2
9227,99,15,3
9228,99,16,3
9229,99,17,2
9230,99,18,2
9231,99,19,3
9232,99,20,2
9233,99,21,2
9234,99,22,1
9235,99,23,2
9236,99,24,2
9237,99,25,2
9238,99,26,1
9239,99,27,2
9240,99,28,2
9241,99,29,3
9242,99,30,2
9243,99,31,2
9244,99,32,2
9245,99,33,4
9246,99,34,2
9247,99,35,2
9248,99,36,2
9249,99,37,3
9250,99,38,3
9251,99,39,3
9252,99,40,2
9253,99,41,3
9254,99,42,4
9255,99,43,2
9256,99,44,4
9257,99,45,3
9258,99,46,3
9259,99,47,3
9260,99,48,4
9261,99,49,3
9262,99,50,2
9263,99,51,3
9264,99,52,3
9265,99,53,3
9266,99,54,4
9267,99,55,4
9268,99,56,3
9269,99,57,2
9270,99,58,2
9271,99,59,3
9272,99,60,4
9273,99,61,4
9274,99,62,3
9275,99,63,2
9276,99,64,3
9277,99,65,2
9278,99,66,4
9279,99,67,3
9280,99,68,4
9281,99,69,3
9282,99,70,3
9283,99,71,4
9284,99,72,3
9285,99,73,2
9286,99,74,3
9287,99,75,4
9288,99,76,3
9289,99,77,3
9290,99,78,4
9291,99,79,3
9292,99,80,3
9293,99,81,3
9294,99,82,2
9295,99,83,4
9296,99,84,2
9297,99,85,4
9298,99,86,4
9299,99,87,2
9300,99,88,3
9301,99,89,3
9302,99,90,4
9303,99,91,4
9304,99,92,4
9305,99,93,3
9306,99,94,3
9307,100,1,1
9308,100,2,3
9309,100,3,2
9310,100,4,2
9311,100,5,3
9312,100,6,3
9313,100,7,2
9314,100,8,3
9315,100,9,3
9316,100,10,3
9317,100,11,2
9318,100,12,3
9319,100,13,3
9320,100,14,1
9321,100,15,3
9322,100,16,3
9323,100,17,1
9324,100,18,3
9325,100,19,3
9326,100,20,2
9327,100,21,3
9328,100,22,1
9329,100,23,2
9330,100,24,2
9331,100,25,1
9332,100,26,2
9333,100,27,3
9334,100,28,1
9335,100,29,3
9336,100,30,1
9337,100,31,1
9338,100,32,1
9339,100,33,2
9340,100,34,3
9341,100,35,2
9342,100,36,3
9343,100,37,4
9344,100,38,3
9345,100,39,4
9346,100,40,4
9347,100,41,3
9348,100,42,4
9349,100,43,4
9350,100,44,4
9351,100,45,2
9352,100,46,3
9353,100,47,2
9354,100,48,3
9355,100,49,4
9356,100,50,3
9357,100,51,4
9358,100,52,2
9359,100,53,4
9360,100,54,4
9361,100,55,4
9362,100,56,4
9363,100,57,3
9364,100,58,2
9365,100,59,2
9366,100,60,4
9367,100,61,3
9368,100,62,4
9369,100,63,4
9370,100,64,3
9371,100,65,4
9372,100,66,3
9373,100,67,3
9374,100,68,4
9375,100,69,3
9376,100,70,2
9377,100,71,3
9378,100,72,2
9379,100,73,2
9380,100,74,2
9381,100,75,2
9382,100,76,4
9383,100,77,4
9384,100,78,2
9385,100,79,3
9386,100,80,4
9387,100,81,4
9388,100,82,2
9389,100,83,2
9390,100,84,4
9391,100,85,3
9392,100,86,4
9393,100,87,4
9394,100,88,2
9395,100,89,2
9396,100,90,4
9397,100,91,2
9398,100,92,3
9399,100,93,4
9400,100,94,2
9401,101,1,1
9402,101,2,3
9403,101,3,1
9404,101,4,3
9405,101,5,2
9406,101,6,3
9407,101,7,2
9408,101,8,1
9409,101,9,3
9410,101,10,2
9411,101,11,2
9412,101,12,2
9413,101,13,1
9414,101,14,3
9415,101,15,1
9416,101,16,2
9417,101,17,3
9418,101,18,1
9419,101,19,2
9420,101,20,1
9421,101,21,1
9422,101,22,2
9423,101,23,2
9424,101,24,1
9425,101,25,3
9426,101,26,1
9427,101,27,1
9428,101,28,2
9429,101,29,2
9430,101,30,2
9431,101,31,1
9432,101,32,3
9433,101,33,2
9434,101,34,3
9435,101,35,4
9436,101,36,2
9437,101,37,3
9438,101,38,2
9439,101,39,3
9440,101,40,4
9441,101,41,3
9442,101,42,2
9443,101,43,3
9444,101,44,3
9445,101,45,4
9446,101,46,4
9447,101,47,4
9448,101,48,2
9449,101,49,3
9450,101,50,3
9451,101,51,3
9452,101,52,4
9453,101,53,3
9454,101,54,4
9455,101,55,4
9456,101,56,2
9457,101,57,4
9458,101,58,4
9459,101,59,3
9460,101,60,4
9461,101,61,3
9462,101,62,2
9463,101,63,2
9464,101,64,2
9465,101,65,4
9466,101,66,2
9467,101,67,4
9468,101,68,4
9469,101,69,4
9470,101,70,2
9471,101,71,3
9472,101,72,4
9473,101,73,2
9474,101,74,3
9475,101,75,4
9476,101,76,2
9477,101,77,2
9478,101,78,4
9479,101,79,4
9480,101,80,2
9481,101,81,4
9482,101,82,3
9483,101,83,3
9484,101,84,4
9485,101,85,3
9486,101,86,2
9487,101,87,2
9488,101,88,4
9489,101,89,4
9490,101,90,3
9491,101,91,4
9492,101,92,3
9493,101,93,2
9494,101,94,3
9495,102,1,1
9496,102,2,2
9497,102,3,1
9498,102,4,2
9499,102,5,1
9500,102,6,1
9501,102,7,3
9502,102,8,1
9503,102,9,2
9504,102,10,1
9505,102,11,3
9506,102,12,2
9507,102,13,1
9508,102,14,2
9509,102,15,1
9510,102,16,3
9511,102,17,2
9512,102,18,3
9513,102,19,1
9514,102,20,2
9515,102,21,1
9516,102,22,1
9517,102,23,3
9518,102,24,3
9519,102,25,1
9520,102,26,3
9521,102,27,3
9522,102,28,3
9523,102,29,2
9524,102,30,2
9525,102,31,1
9526,102,32,3
9527,102,33,3
9528,102,34,4
9529,102,35,3
9530,102,36,2
9531,102,37,2
9532,102,38,2
9533,102,39,2
9534,102,40,2
9535,102,41,3
9536,102,42,2
9537,102,43,3
9538,102,44,4
9539,102,45,4
9540,102,46,2
9541,102,47,4
9542,102,48,4
9543,102,49,2
9544,102,50,4
9545,102,51,3
9546,102,52,2
9547,102,53,2
9548,102,54,2
9549,102,55,3
9550,102,56,3
9551,102,57,4
9552,102,58,2
9553,102,59,4
9554,102,60,2
9555,102,61,4
9556,102,62,4
9557,102,63,3
9558,102,64,2
9559,102,65,2
9560,102,66,2
9561,102,67,3
9562,102,68,3
9563,102,69,2
9564,102,70,2
9565,102,71,3
9566,102,72,4
9567,102,73,4
9568,102,74,2
9569,102,75,4
9570,102,76,2
9571,102,77,3
9572,102,78,3
9573,102,79,3
9574,102,80,4
9575,102,81,3
9576,102,82,2
9577,102,83,3
9578,102,84,3
9579,102,85,2
9580,102,86,3
9581,102,87,4
9582,102,88,4
9583,102,89,2
9584,102,90,4
9585,102,91,3
9586,102,92,4
9587,102,93,4
9588,102,94,4
9589,103,1,3
9590,103,2,3
9591,103,3,1
9592,103,4,2
9593,103,5,3
9594,103,6,2
9595,103,7,3
9596,103,8,2
9597,103,9,3
9598,103,10,3
9599,103,11,3
9600,103,12,1
9601,103,13,1
9602,103,14,2
9603,103,15,1
9604,103,16,1
9605,103,17,3
9606,103,18,3
9607,103,19,1
9608,103,20,3
9609,103,21,2
9610,103,22,2
9611,103,23,3
9612,103,24,1
9613,103,25,2
9614,103,26,2
9615,103,27,3
9616,103,28,1
9617,103,29,1
9618,103,30,2
9619,103,31,1
9620,103,32,1
9621,103,33,3
9622,103,34,3
9623,103,35,2
9624,103,36,3
9625,103,37,3
9626,103,38,3
9627,103,39,2
9628,103,40,4
9629,103,41,3
9630,103,42,2
9631,103,43,4
9632,103,44,3
9633,103,45,4
9634,103,46,4
9635,103,47,2
9636,103,48,2
9637,103,49,4
9638,103,50,3
9639,103,51,4
9640,103,52,4
9641,103,53,2
9642,103,54,4
9643,103,55,2
9644,103,56,3
9645,103,57,3
9646,103,58,3
9647,103,59,2
9648,103,60,4
9649,103,61,3
9650,103,62,2
9651,103,63,3
9652,103,64,2
9653,103,65,2
9654,103,66,3
9655,103,67,2
9656,103,68,2
9657,103,69,4
9658,103,70,2
9659,103,71,2
9660,103,72,4
9661,103,73,2
9662,103,74,2
9663,103,75,2
9664,103,76,4
9665,103,77,4
9666,103,78,3
9667,103,79,4
9668,103,80,3
9669,103,81,2
9670,103,82,4
9671,103,83,4
9672,103,84,4
9673,103,85,3
9674,103,86,4
9675,103,87,3
9676,103,88,4
9677,103,89,4
9678,103,90,4
9679,103,91,2
9680,103,92,3
9681,103,93,2
9682,103,94,4
9683,104,1,2
9684,104,2,2
9685,104,3,1
9686,104,4,3
9687,104,5,1
9688,104,6,1
9689,104,7,3
9690,104,8,2
9691,104,9,3
9692,104,10,3
9693,104,11,2
9694,104,12,3
9695,104,13,1
9696,104,14,1
9697,104,15,1
9698,104,16,1
9699,104,17,3
9700,104,18,3
9701,104,19,2
9702,104,20,1
9703,104,21,1
9704,104,22,3
9705,104,23,1
9706,104,24,2
9707,104,25,1
9708,104,26,3
9709,104,27,1
9710,104,28,1
9711,104,29,1
9712,104,30,3
9713,104,31,3
9714,104,32,3
9715,104,33,2
9716,104,34,4
9717,104,35,4
9718,104,36,2
9719,104,37,2
9720,104,38,2
9721,104,39,2
9722,104,40,2
9723,104,41,2
9724,104,42,2
9725,104,43,2
9726,104,44,4
9727,104,45,2
9728,104,46,4
9729,104,47,4
9730,104,48,4
9731,104,49,3
9732,104,50,3
9733,104,51,4
9734,104,52,2
9735,104,53,4
9736,104,54,2
9737,104,55,2
9738,104,56,2
9739,104,57,4
9740,104,58,4
9741,104,59,2
9742,104,60,4
9743,104,61,2
9744,104,62,3
9745,104,63,2
9746,104,64,3
9747,104,65,4
9748,104,66,3
9749,104,67,4
9750,104,68,2
9751,104,69,4
9752,104,70,4
9753,104,71,4
9754,104,72,4
9755,104,73,4
9756,104,74,3
9757,104,75,4
9758,104,76,2
9759,104,77,4
9760,104,78,2
9761,104,79,3
9762,104,80,3
9763,104,81,2
9764,104,82,2
9765,104,83,2
9766,104,84,2
9767,104,85,4
9768,104,86,3
9769,104,87,4
9770,104,88,4
9771,104,89,4
9772,104,90,3
9773,104,91,4
9774,104,92,2
9775,104,93,2
9776,104,94,4
9777,105,1,3
9778,105,2,1
9779,105,3,3
9780,105,4,3
9781,105,5,2
9782,105,6,3
9783,105,7,1
9784,105,8,2
9785,105,9,1
9786,105,10,3
9787,105,11,3
9788,105,12,3
9789,105,13,3
9790,105,14,1
9791,105,15,3
9792,105,16,3
9793,105,17,1
9794,105,18,1
9795,105,19,2
9796,105,20,3
9797,105,21,2
9798,105,22,3
9799,105,23,2
9800,105,24,3
9801,105,25,2
9802,105,26,3
9803,105,27,2
9804,105,28,2
9805,105,29,3
9806,105,30,2
9807,105,31,2
9808,105,32,1
9809,105,33,4
9810,105,34,3
9811,105,35,4
9812,105,36,4
9813,105,37,3
9814,105,38,4
9815,105,39,2
9816,105,40,2
9817,105,41,4
9818,105,42,4
9819,105,43,3
9820,105,44,4
9821,105,45,2
9822,105,46,2
9823,105,47,4
9824,105,48,3
9825,105,49,3
9826,105,50,4
9827,105,51,2
9828,105,52,2
9829,105,53,2
9830,105,54,2
9831,105,55,3
9832,105,56,2
9833,105,57,2
9834,105,58,3
9835,105,59,2
9836,105,60,4
9837,105,61,3
9838,105,62,4
9839,105,63,3
9840,105,64,4
9841,105,65,3
9842,105,66,3
9843,105,67,2
9844,105,68,4
9845,105,69,4
9846,105,70,4
9847,105,71,3
9848,105,72,2
9849,105,73,3
9850,105,74,3
9851,105,75,3
9852,105,76,4
9853,105,77,3
9854,105,78,4
9855,105,79,4
9856,105,80,4
9857,105,81,4
9858,105,82,2
9859,105,83,4
9860,105,84,3
9861,105,85,2
9862,105,86,4
9863,105,87,2
9864,105,88,4
9865,105,89,4
9866,105,90,3
9867,105,91,2
9868,105,92,3
9869,105,93,2
9870,105,94,2
9871,106,1,1
9872,106,2,1
9873,106,3,1
9874,106,4,3
9875,106,5,2
9876,106,6,2
9877,106,7,3
9878,106,8,1
9879,106,9,3
9880,106,10,3
9881,106,11,3
9882,106,12,1
9883,106,13,3
9884,106,14,1
9885,106,15,3
9886,106,16,3
9887,106,17,2
9888,106,18,1
9889,106,19,2
9890,106,20,3
9891,106,21,3
9892,106,22,2
9893,106,23,2
9894,106,24,2
9895,106,25,1
9896,106,26,2
9897,106,27,3
9898,106,28,1
9899,106,29,1
9900,106,30,3
9901,106,31,1
9902,106,32,2
9903,106,33,2
9904,106,34,3
9905,106,35,4
9906,106,36,2
9907,106,37,4
9908,106,38,3
9909,106,39,2
9910,106,40,3
9911,106,41,2
9912,106,42,3
9913,106,43,2
9914,106,44,3
9915,106,45,2
9916,106,46,4
9917,106,47,2
9918,106,48,3
9919,106,49,2
9920,106,50,3
9921,106,51,4
9922,106,52,3
9923,106,53,2
9924,106,54,2
9925,106,55,4
9926,106,56,4
9927,106,57,4
9928,106,58,3
9929,106,59,2
9930,106,60,2
9931,106,61,4
9932,106,62,3
9933,106,63,3
9934,106,64,2
9935,106,65,3
9936,106,66,3
9937,106,67,4
9938,106,68,3
9939,106,69,2
9940,106,70,4
9941,106,71,2
9942,106,72,2
9943,106,73,4
9944,106,74,4
9945,106,75,4
9946,106,76,4
9947,106,77,4
9948,106,78,4
9949,106,79,2
9950,106,80,4
9951,106,81,2
9952,106,82,3
9953,106,83,4
9954,106,84,2
9955,106,85,3
9956,106,86,3
9957,106,87,2
9958,106,88,2
9959,106,89,4
9960,106,90,3
9961,106,91,2
9962,106,92,4
9963,106,93,4
9964,106,94,2
9965,107,1,3
9966,107,2,3
9967,107,3,2
9968,107,4,1
9969,107,5,3
9970,107,6,3
9971,107,7,1
9972,107,8,1
9973,107,9,2
9974,107,10,1
9975,107,11,1
9976,107,12,2
9977,107,13,2
9978,107,14,3
9979,107,15,1
9980,107,16,2
9981,107,17,2
9982,107,18,1
9983,107,19,2
9984,107,20,2
9985,107,21,2
9986,107,22,3
9987,107,23,3
9988,107,24,3
9989,107,25,1
9990,107,26,3
9991,107,27,3
9992,107,28,3
9993,107,29,3
9994,107,30,1
9995,107,31,3
9996,107,32,3
9997,107,33,4
9998,107,34,4
9999,107,35,4
10000,107,36,3
10001,107,37,4
10002,107,38,2
10003,107,39,3
10004,107,40,3
10005,107,41,2
10006,107,42,2
10007,107,43,4
10008,107,44,2
10009,107,45,3
10010,107,46,3
10011,107,47,4
10012,107,48,3
10013,107,49,3
10014,107,50,3
10015,107,51,3
10016,107,52,3
10017,107,53,4
10018,107,54,4
10019,107,55,2
10020,107,56,2
10021,107,57,3
10022,107,58,3
10023,107,59,2
10024,107,60,4
10025,107,61,4
10026,107,62,2
10027,107,63,2
10028,107,64,2
10029,107,65,4
10030,107,66,3
10031,107,67,3
10032,107,68,3
10033,107,69,3
10034,107,70,2
10035,107,71,2
10036,107,72,3
10037,107,73,4
10038,107,74,2
10039,107,75,2
10040,107,76,2
10041,107,77,4
10042,107,78,4
10043,107,79,4
10044,107,80,4
10045,107,81,4
10046,107,82,2
10047,107,83,4
10048,107,84,2
10049,107,85,2
10050,107,86,2
10051,107,87,2
10052,107,88,2
10053,107,89,2
10054,107,90,2
10055,107,91,2
10056,107,92,3
10057,107,93,4
10058,107,94,4
10059,108,1,2
10060,108,2,2
10061,108,3,3
10062,108,4,3
10063,108,5,1
10064,108,6,3
10065,108,7,1
10066,108,8,1
10067,108,9,3
10068,108,10,3
10069,108,11,1
10070,108,12,1
10071,108,13,1
10072,108,14,2
10073,108,15,3
10074,108,16,3
10075,108,17,2
10076,108,18,3
10077,108,19,2
10078,108,20,2
10079,108,21,2
10080,108,22,1
10081,108,23,3
10082,108,24,2
10083,108,25,3
10084,108,26,3
10085,108,27,2
10086,108,28,3
10087,108,29,3
10088,108,30,1
10089,108,31,1
10090,108,32,1
10091,108,33,2
10092,108,34,2
10093,108,35,4
10094,108,36,3
10095,108,37,3
10096,108,38,2
10097,108,39,3
10098,108,40,3
10099,108,41,3
10100,108,42,4
10101,108,43,2
10102,108,44,2
10103,108,45,3
10104,108,46,4
10105,108,47,3
10106,108,48,4
10107,108,49,4
10108,108,50,2
10109,108,51,4
10110,108,52,2
10111,108,53,2
10112,108,54,3
10113,108,55,3
10114,108,56,3
10115,108,57,2
10116,108,58,4
10117,108,59,4
10118,108,60,2
10119,108,61,3
10120,108,62,2
10121,108,63,3
10122,108,64,2
10123,108,65,4
10124,108,66,2
10125,108,67,3
10126,108,68,4
10127,108,69,2
10128,108,70,3
10129,108,71,3
10130,108,72,4
10131,108,73,4
10132,108,74,2
10133,108,75,4
10134,108,76,2
10135,108,77,3
10136,108,78,3
10137,108,79,3
10138,108,80,3
10139,108,81,2
10140,108,82,4
10141,108,83,2
10142,108,84,2
10143,108,85,3
10144,108,86,4
10145,108,87,2
10146,108,88,4
10147,108,89,2
10148,108,90,2
10149,108,91,3
10150,108,92,3
10151,108,93,3
10152,108,94,3
10153,109,1,1
10154,109,2,2
10155,109,3,3
10156,109,4,3
10157,109,5,3
10158,109,6,3
10159,109,7,1
10160,109,8,3
10161,109,9,3
10162,109,10,1
10163,109,11,3
10164,109,12,3
10165,109,13,2
10166,109,14,2
10167,109,15,1
10168,109,16,3
10169,109,17,3
10170,109,18,3
10171,109,19,3
10172,109,20,2
10173,109,21,1
10174,109,22,3
10175,109,23,3
10176,109,24,2
10177,109,25,2
10178,109,26,2
10179,109,27,2
10180,109,28,2
10181,109,29,2
10182,109,30,3
10183,109,31,3
10184,109,32,1
10185,109,33,2
10186,109,34,4
10187,109,35,2
10188,109,36,2
10189,109,37,4
10190,109,38,3
10191,109,39,4
10192,109,40,3
10193,109,41,2
10194,109,42,4
10195,109,43,2
10196,109,44,3
10197,109,45,4
10198,109,46,4
10199,109,47,4
10200,109,48,2
10201,109,49,2
10202,109,50,3
10203,109,51,4
10204,109,52,4
10205,109,53,4
10206,109,54,3
10207,109,55,2
10208,109,56,2
10209,109,57,3
10210,109,58,3
10211,109,59,4
10212,109,60,4
10213,109,61,4
10214,109,62,4
10215,109,63,2
10216,109,64,2
10217,109,65,2
10218,109,66,2
10219,109,67,3
10220,109,68,4
10221,109,69,4
10222,109,70,3
10223,109,71,2
10224,109,72,2
10225,109,73,4
10226,109,74,4
10227,109,75,3
10228,109,76,3
10229,109,77,2
10230,109,78,3
10231,109,79,2
10232,109,80,4
10233,109,81,3
10234,109,82,2
10235,109,83,3
10236,109,84,2
10237,109,85,3
10238,109,86,3
10239,109,87,2
10240,109,88,2
10241,109,89,2
10242,109,90,2
10243,109,91,2
10244,109,92,4
10245,109,93,4
10246,109,94,3
10247,110,1,2
10248,110,2,2
10249,110,3,3
10250,110,4,1
10251,110,5,2
10252,110,6,2
10253,110,7,3
10254,110,8,1
10255,110,9,2
10256,110,10,2
10257,110,11,1
10258,110,12,2
10259,110,13,1
10260,110,14,2
10261,110,15,3
10262,110,16,1
10263,110,17,2
10264,110,18,1
10265,110,19,3
10266,110,20,2
10267,110,21,1
10268,110,22,2
10269,110,23,2
10270,110,24,2
10271,110,25,1
10272,110,26,1
10273,110,27,1
10274,110,28,3
10275,110,29,1
10276,110,30,2
10277,110,31,3
10278,110,32,3
10279,110,33,4
10280,110,34,4
10281,110,35,3
10282,110,36,2
10283,110,37,2
10284,110,38,4
10285,110,39,2
10286,110,40,2
10287,110,41,3
10288,110,42,4
10289,110,43,3
10290,110,44,2
10291,110,45,3
10292,110,46,4
10293,110,47,4
10294,110,48,4
10295,110,49,4
10296,110,50,3
10297,110,51,3
10298,110,52,4
10299,110,53,4
10300,110,54,2
10301,110,55,4
10302,110,56,3
10303,110,57,3
10304,110,58,3
10305,110,59,4
10306,110,60,2
10307,110,61,3
10308,110,62,4
10309,110,63,2
10310,110,64,3
10311,110,65,3
10312,110,66,4
10313,110,67,4
10314,110,68,3
10315,110,69,3
10316,110,70,2
10317,110,71,2
10318,110,72,2
10319,110,73,2
10320,110,74,4
10321,110,75,2
10322,110,76,4
10323,110,77,2
10324,110,78,2
10325,110,79,4
10326,110,80,4
10327,110,81,3
10328,110,82,4
10329,110,83,3
10330,110,84,2
10331,110,85,2
10332,110,86,3
10333,110,87,2
10334,110,88,2
10335,110,89,3
10336,110,90,4
10337,110,91,3
10338,110,92,3
10339,110,93,2
10340,110,94,4
10341,111,1,3
10342,111,2,1
10343,111,3,2
10344,111,4,2
10345,111,5,2
10346,111,6,3
10347,111,7,2
10348,111,8,2
10349,111,9,1
10350,111,10,3
10351,111,11,2
10352,111,12,1
10353,111,13,3
10354,111,14,3
10355,111,15,3
10356,111,16,2
10357,111,17,2
10358,111,18,1
10359,111,19,3
10360,111,20,1
10361,111,21,2
10362,111,22,1
10363,111,23,3
10364,111,24,1
10365,111,25,1
10366,111,26,3
10367,111,27,3
10368,111,28,1
10369,111,29,2
10370,111,30,3
10371,111,31,1
10372,111,32,1
10373,111,33,2
10374,111,34,2
10375,111,35,2
10376,111,36,4
10377,111,37,2
10378,111,38,4
10379,111,39,4
10380,111,40,3
10381,111,41,4
10382,111,42,3
10383,111,43,2
10384,111,44,4
10385,111,45,3
10386,111,46,2
10387,111,47,2
10388,111,48,4
10389,111,49,4
10390,111,50,2
10391,111,51,4
10392,111,52,3
10393,111,53,4
10394,111,54,3
10395,111,55,2
10396,111,56,2
10397,111,57,2
10398,111,58,2
10399,111,59,2
10400,111,60,2
10401,111,61,4
10402,111,62,3
10403,111,63,4
10404,111,64,2
10405,111,65,4
10406,111,66,3
10407,111,67,3
10408,111,68,3
10409,111,69,2
10410,111,70,4
10411,111,71,4
10412,111,72,3
10413,111,73,4
10414,111,74,4
10415,111,75,2
10416,111,76,2
10417,111,77,4
10418,111,78,2
10419,111,79,4
10420,111,80,2
10421,111,81,3
10422,111,82,2
10423,111,83,2
10424,111,84,4
10425,111,85,2
10426,111,86,2
10427,111,87,4
10428,111,88,2
10429,111,89,4
10430,111,90,2
10431,111,91,2
10432,111,92,4
10433,111,93,4
10434,111,94,3
10435,112,1,1
10436,112,2,1
10437,112,3,2
10438,112,4,3
10439,112,5,2
10440,112,6,2
10441,112,7,2
10442,112,8,2
10443,112,9,2
10444,112,10,2
10445,112,11,2
10446,112,12,1
10447,112,13,2
10448,112,14,3
10449,112,15,3
10450,112,16,3
10451,112,17,3
10452,112,18,2
10453,112,19,3
10454,112,20,1
10455,112,21,3
10456,112,22,1
10457,112,23,3
10458,112,24,3
10459,112,25,1
10460,112,26,2
10461,112,27,1
10462,112,28,1
10463,112,29,3
10464,112,30,1
10465,112,31,3
10466,112,32,3
10467,112,33,2
10468,112,34,4
10469,112,35,2
10470,112,36,2
10471,112,37,2
10472,112,38,3
10473,112,39,4
10474,112,40,3
10475,112,41,2
10476,112,42,3
10477,112,43,4
10478,112,44,3
10479,112,45,3
10480,112,46,4
10481,112,47,3
10482,112,48,3
10483,112,49,3
10484,112,50,2
10485,112,51,2
10486,112,52,4
10487,112,53,2
10488,112,54,4
10489,112,55,3
10490,112,56,2
10491,112,57,4
10492,112,58,2
10493,112,59,4
10494,112,60,2
10495,112,61,4
10496,112,62,2
10497,112,63,4
10498,112,64,2
10499,112,65,3
10500,112,66,2
10501,112,67,2
10502,112,68,4
10503,112,69,3
10504,112,70,2
10505,112,71,4
10506,112,72,3
10507,112,73,4
10508,112,74,2
10509,112,75,3
10510,112,76,2
10511,112,77,3
10512,112,78,4
10513,112,79,4
10514,112,80,3
10515,112,81,3
10516,112,82,2
10517,112,83,4
10518,112,84,2
10519,112,85,4
10520,112,86,3
10521,112,87,2
10522,112,88,2
10523,112,89,3
10524,112,90,2
10525,112,91,3
10526,112,92,3
10527,112,93,4
10528,112,94,2
10529,113,1,1
10530,113,2,3
10531,113,3,3
10532,113,4,3
10533,113,5,1
10534,113,6,2
10535,113,7,1
10536,113,8,3
10537,113,9,1
10538,113,10,1
10539,113,11,3
10540,113,12,3
10541,113,13,3
10542,113,14,3
10543,113,15,3
10544,113,16,1
10545,113,17,3
10546,113,18,1
10547,113,19,1
10548,113,20,1
10549,113,21,1
10550,113,22,2
10551,113,23,2
10552,113,24,1
10553,113,25,2
10554,113,26,3
10555,113,27,1
10556,113,28,3
10557,113,29,2
10558,113,30,1
10559,113,31,3
10560,113,32,3
10561,113,33,3
10562,113,34,4
10563,113,35,4
10564,113,36,3
10565,113,37,3
10566,113,38,2
10567,113,39,3
10568,113,40,2
10569,113,41,2
10570,113,42,3
10571,113,43,3
10572,113,44,4
10573,113,45,4
10574,113,46,3
10575,113,47,2
10576,113,48,3
10577,113,49,3
10578,113,50,4
10579,113,51,4
10580,113,52,2
10581,113,53,2
10582,113,54,2
10583,113,55,4
10584,113,56,4
10585,113,57,2
10586,113,58,3
10587,113,59,4
10588,113,60,4
10589,113,61,2
10590,113,62,4
10591,113,63,4
10592,113,64,4
10593,113,65,3
10594,113,66,4
10595,113,67,4
10596,113,68,3
10597,113,69,2
10598,113,70,4
10599,113,71,2
10600,113,72,4
10601,113,73,3
10602,113,74,2
10603,113,75,2
10604,113,76,2
10605,113,77,2
10606,113,78,4
10607,113,79,2
10608,113,80,2
10609,113,81,2
10610,113,82,3
10611,113,83,4
10612,113,84,4
10613,113,85,4
10614,113,86,4
10615,113,87,3
10616,113,88,2
10617,113,89,3
10618,113,90,4
10619,113,91,4
10620,113,92,4
10621,113,93,3
10622,113,94,4
10623,114,1,1
10624,114,2,1
10625,114,3,2
10626,114,4,2
10627,114,5,3
10628,114,6,3
10629,114,7,1
10630,114,8,1
10631,114,9,3
10632,114,10,1
10633,114,11,3
10634,114,12,1
10635,114,13,2
10636,114,14,2
10637,114,15,1
10638,114,16,2
10639,114,17,1
10640,114,18,1
10641,114,19,2
10642,114,20,2
10643,114,21,3
10644,114,22,1
10645,114,23,2
10646,114,24,2
10647,114,25,2
10648,114,26,3
10649,114,27,1
10650,114,28,3
10651,114,29,2
10652,114,30,2
10653,114,31,2
10654,114,32,2
10655,114,33,3
10656,114,34,4
10657,114,35,3
10658,114,36,2
10659,114,37,4
10660,114,38,3
10661,114,39,4
10662,114,40,4
10663,114,41,3
10664,114,42,4
10665,114,43,2
10666,114,44,2
10667,114,45,3
10668,114,46,4
10669,114,47,4
10670,114,48,3
10671,114,49,3
10672,114,50,4
10673,114,51,3
10674,114,52,3
10675,114,53,3
10676,114,54,2
10677,114,55,4
10678,114,56,2
10679,114,57,2
10680,114,58,3
10681,114,59,2
10682,114,60,3
10683,114,61,4
10684,114,62,2
10685,114,63,3
10686,114,64,4
10687,114,65,2
10688,114,66,2
10689,114,67,3
10690,114,68,2
10691,114,69,2
10692,114,70,3
10693,114,71,2
10694,114,72,3
10695,114,73,4
10696,114,74,3
10697,114,75,3
10698,114,76,3
10699,114,77,3
10700,114,78,2
10701,114,79,3
10702,114,80,4
10703,114,81,2
10704,114,82,4
10705,114,83,2
10706,114,84,4
10707,114,85,2
10708,114,86,4
10709,114,87,2
10710,114,88,3
10711,114,89,4
10712,114,90,2
10713,114,91,2
10714,114,92,3
10715,114,93,3
10716,114,94,4
10717,115,1,3
10718,115,2,2
10719,115,3,1
10720,115,4,2
10721,115,5,2
10722,115,6,2
10723,115,7,2
10724,115,8,1
10725,115,9,3
10726,115,10,1
10727,115,11,3
10728,115,12,1
10729,115,13,2
10730,115,14,2
10731,115,15,1
10732,115,16,3
10733,115,17,1
10734,115,18,2
10735,115,19,1
10736,115,20,2
10737,115,21,2
10738,115,22,1
10739,115,23,1
10740,115,24,2
10741,115,25,1
10742,115,26,3
10743,115,27,2
10744,115,28,2
10745,115,29,2
10746,115,30,3
10747,115,31,2
10748,115,32,1
10749,115,33,3
10750,115,34,2
10751,115,35,3
10752,115,36,4
10753,115,37,3
10754,115,38,3
10755,115,39,3
10756,115,40,2
10757,115,41,2
10758,115,42,3
10759,115,43,4
10760,115,44,3
10761,115,45,2
10762,115,46,2
10763,115,47,3
10764,115,48,4
10765,115,49,4
10766,115,50,2
10767,115,51,2
10768,115,52,3
10769,115,53,4
10770,115,54,4
10771,115,55,2
10772,115,56,2
10773,115,57,4
10774,115,58,4
10775,115,59,4
10776,115,60,4
10777,115,61,2
10778,115,62,3
10779,115,63,2
10780,115,64,2
10781,115,65,3
10782,115,66,2
10783,115,67,3
10784,115,68,4
10785,115,69,4
10786,115,70,2
10787,115,71,3
10788,115,72,3
10789,115,73,4
10790,115,74,3
10791,115,75,4
10792,115,76,2
10793,115,77,2
10794,115,78,3
10795,115,79,3
10796,115,80,4
10797,115,81,3
10798,115,82,2
10799,115,83,2
10800,115,84,2
10801,115,85,3
10802,115,86,4
10803,115,87,3
10804,115,88,4
10805,115,89,2
10806,115,90,4
10807,115,91,3
10808,115,92,2
10809,115,93,4
10810,115,94,2
10811,116,1,1
10812,116,2,1
10813,116,3,2
10814,116,4,2
10815,116,5,2
10816,116,6,2
10817,116,7,1
10818,116,8,3
10819,116,9,1
10820,116,10,2
10821,116,11,3
10822,116,12,1
10823,116,13,1
10824,116,14,1
10825,116,15,1
10826,116,16,1
10827,116,17,3
10828,116,18,2
10829,116,19,1
10830,116,20,1
10831,116,21,3
10832,116,22,1
10833,116,23,1
10834,116,24,3
10835,116,25,3
10836,116,26,1
10837,116,27,3
10838,116,28,1
10839,116,29,2
10840,116,30,3
10841,116,31,3
10842,116,32,3
10843,116,33,2
10844,116,34,2
10845,116,35,3
10846,116,36,4
10847,116,37,2
10848,116,38,3
10849,116,39,4
10850,116,40,3
10851,116,41,3
10852,116,42,4
10853,116,43,2
10854,116,44,3
10855,116,45,4
10856,116,46,3
10857,116,47,2
10858,116,48,2
10859,116,49,2
10860,116,50,3
10861,116,51,4
10862,116,52,3
10863,116,53,3
10864,116,54,4
10865,116,55,2
10866,116,56,3
10867,116,57,2
10868,116,58,2
10869,116,59,2
10870,116,60,3
10871,116,61,2
10872,116,62,4
10873,116,63,4
10874,116,64,2
10875,116,65,4
10876,116,66,2
10877,116,67,2
10878,116,68,4
10879,116,69,4
10880,116,70,3
10881,116,71,4
10882,116,72,3
10883,116,73,3
10884,116,74,2
10885,116,75,3
10886,116,76,2
10887,116,77,3
10888,116,78,4
10889,116,79,3
10890,116,80,3
10891,116,81,4
10892,116,82,2
10893,116,83,2
10894,116,84,4
10895,116,85,2
10896,116,86,4
10897,116,87,2
10898,116,88,3
10899,116,89,3
10900,116,90,2
10901,116,91,2
10902,116,92,2
10903,116,93,2
10904,116,94,3
10905,117,1,1
10906,117,2,1
10907,117,3,3
10908,117,4,2
10909,117,5,2
10910,117,6,2
10911,117,7,2
10912,117,8,3
10913,117,9,1
10914,117,10,1
10915,117,11,2
10916,117,12,2
10917,117,13,2
10918,117,14,2
10919,117,15,3
10920,117,16,2
10921,117,17,2
10922,117,18,1
10923,117,19,3
10924,117,20,3
10925,117,21,2
10926,117,22,3
10927,117,23,2
10928,117,24,2
10929,117,25,2
10930,117,26,3
10931,117,27,3
10932,117,28,2
10933,117,29,3
10934,117,30,2
10935,117,31,1
10936,117,32,1
10937,117,33,4
10938,117,34,3
10939,117,35,3
10940,117,36,3
10941,117,37,2
10942,117,38,4
10943,117,39,4
10944,117,40,2
10945,117,41,4
10946,117,42,4
10947,117,43,4
10948,117,44,3
10949,117,45,3
10950,117,46,2
10951,117,47,4
10952,117,48,3
10953,117,49,4
10954,117,50,3
10955,117,51,4
10956,117,52,3
10957,117,53,3
10958,117,54,2
10959,117,55,4
10960,117,56,4
10961,117,57,3
10962,117,58,4
10963,117,59,2
10964,117,60,3
10965,117,61,4
10966,117,62,4
10967,117,63,2
10968,117,64,4
10969,117,65,2
10970,117,66,4
10971,117,67,4
10972,117,68,4
10973,117,69,2
10974,117,70,3
10975,117,71,2
10976,117,72,2
10977,117,73,2
10978,117,74,2
10979,117,75,4
10980,117,76,3
10981,117,77,3
10982,117,78,4
10983,117,79,3
10984,117,80,2
10985,117,81,4
10986,117,82,2
10987,117,83,2
10988,117,84,4
10989,117,85,3
10990,117,86,4
10991,117,87,3
10992,117,88,4
10993,117,89,3
10994,117,90,3
10995,117,91,2
10996,117,92,3
10997,117,93,3
10998,117,94,2
10999,118,1,2
11000,118,2,2
11001,118,3,3
11002,118,4,2
11003,118,5,1
11004,118,6,2
11005,118,7,2
11006,118,8,1
11007,118,9,2
11008,118,10,1
11009,118,11,3
11010,118,12,1
11011,118,13,3
11012,118,14,1
11013,118,15,3
11014,118,16,1
11015,118,17,1
11016,118,18,1
11017,118,19,1
11018,118,20,1
11019,118,21,3
11020,118,22,3
11021,118,23,2
11022,118,24,2
11023,118,25,3
11024,118,26,2
11025,118,27,2
11026,118,28,3
11027,118,29,1
11028,118,30,2
11029,118,31,1
11030,118,32,2
11031,118,33,3
11032,118,34,4
11033,118,35,2
11034,118,36,3
11035,118,37,3
11036,118,38,4
11037,118,39,4
11038,118,40,2
11039,118,41,4
11040,118,42,4
11041,118,43,3
11042,118,44,4
11043,118,45,2
11044,118,46,2
11045,118,47,2
11046,118,48,2
11047,118,49,3
11048,118,50,4
11049,118,51,3
11050,118,52,2
11051,118,53,4
11052,118,54,4
11053,118,55,2
11054,118,56,2
11055,118,57,2
11056,118,58,3
11057,118,59,3
11058,118,60,4
11059,118,61,3
11060,118,62,3
11061,118,63,2
11062,118,64,3
11063,118,65,4
11064,118,66,4
11065,118,67,2
11066,118,68,4
11067,118,69,3
11068,118,70,3
11069,118,71,4
11070,118,72,3
11071,118,73,4
11072,118,74,2
11073,118,75,4
11074,118,76,4
11075,118,77,4
11076,118,78,4
11077,118,79,2
11078,118,80,2
11079,118,81,4
11080,118,82,3
11081,118,83,4
11082,118,84,3
11083,118,85,4
11084,118,86,2
11085,118,87,2
11086,118,88,4
11087,118,89,2
11088,118,90,3
11089,118,91,4
11090,118,92,2
11091,118,93,4
11092,118,94,2
11093,119,1,1
11094,119,2,1
11095,119,3,1
11096,119,4,1
11097,119,5,2
11098,119,6,1
11099,119,7,3
11100,119,8,1
11101,119,9,1
11102,119,10,3
11103,119,11,3
11104,119,12,3
11105,119,13,1
11106,119,14,1
11107,119,15,3
11108,119,16,3
11109,119,17,2
11110,119,18,1
11111,119,19,3
11112,119,20,3
11113,119,21,2
11114,119,22,2
11115,119,23,1
11116,119,24,3
11117,119,25,3
11118,119,26,3
11119,119,27,1
11120,119,28,2
11121,119,29,2
11122,119,30,3
11123,119,31,3
11124,119,32,1
11125,119,33,4
11126,119,34,3
11127,119,35,4
11128,119,36,2
11129,119,37,3
11130,119,38,3
11131,119,39,3
11132,119,40,2
11133,119,41,2
11134,119,42,2
11135,119,43,4
11136,119,44,3
11137,119,45,4
11138,119,46,2
11139,119,47,3
11140,119,48,2
11141,119,49,3
11142,119,50,4
11143,119,51,4
11144,119,52,2
11145,119,53,2
11146,119,54,2
11147,119,55,4
11148,119,56,4
11149,119,57,2
11150,119,58,3
11151,119,59,2
11152,119,60,4
11153,119,61,3
11154,119,62,4
11155,119,63,3
11156,119,64,2
11157,119,65,3
11158,119,66,3
11159,119,67,2
11160,119,68,3
11161,119,69,2
11162,119,70,4
11163,119,71,3
11164,119,72,2
11165,119,73,4
11166,119,74,2
11167,119,75,4
11168,119,76,4
11169,119,77,2
11170,119,78,2
11171,119,79,2
11172,119,80,4
11173,119,81,4
11174,119,82,4
11175,119,83,2
11176,119,84,4
11177,119,85,2
11178,119,86,2
11179,119,87,4
11180,119,88,3
11181,119,89,3
11182,119,90,3
11183,119,91,2
11184,119,92,3
11185,119,93,3
11186,119,94,4
11187,120,1,2
11188,120,2,3
11189,120,3,3
11190,120,4,1
11191,120,5,3
11192,120,6,2
11193,120,7,3
11194,120,8,3
11195,120,9,3
11196,120,10,2
11197,120,11,3
11198,120,12,1
11199,120,13,2
11200,120,14,1
11201,120,15,2
11202,120,16,1
11203,120,17,2
11204,120,18,3
11205,120,19,2
11206,120,20,3
11207,120,21,2
11208,120,22,1
11209,120,23,2
11210,120,24,2
11211,120,25,3
11212,120,26,3
11213,120,27,3
11214,120,28,2
11215,120,29,2
11216,120,30,2
11217,120,31,3
11218,120,32,2
11219,120,33,4
11220,120,34,2
11221,120,35,4
11222,120,36,3
11223,120,37,4
11224,120,38,4
11225,120,39,3
11226,120,40,3
11227,120,41,2
11228,120,42,3
11229,120,43,2
11230,120,44,3
11231,120,45,3
11232,120,46,3
11233,120,47,3
11234,120,48,4
11235,120,49,3
11236,120,50,2
11237,120,51,2
11238,120,52,4
11239,120,53,3
11240,120,54,4
11241,120,55,2
11242,120,56,2
11243,120,57,3
11244,120,58,4
11245,120,59,2
11246,120,60,2
11247,120,61,2
11248,120,62,4
11249,120,63,3
11250,120,64,2
11251,120,65,2
11252,120,66,2
11253,120,67,2
11254,120,68,3
11255,120,69,2
11256,120,70,3
11257,120,71,3
11258,120,72,3
11259,120,73,4
11260,120,74,2
11261,120,75,3
11262,120,76,2
11263,120,77,2
11264,120,78,3
11265,120,79,2
11266,120,80,4
11267,120,81,2
11268,120,82,3
11269,120,83,3
11270,120,84,2
11271,120,85,4
11272,120,86,3
11273,120,87,2
11274,120,88,2
11275,120,89,4
11276,120,90,4
11277,120,91,3
11278,120,92,2
11279,120,93,3
11280,120,94,2
11281,121,1,1
11282,121,2,1
11283,121,3,2
11284,121,4,2
11285,121,5,3
11286,121,6,1
11287,121,7,2
11288,121,8,3
11289,121,9,2
11290,121,10,1
11291,121,11,2
11292,121,12,2
11293,121,13,1
11294,121,14,1
11295,121,15,3
11296,121,16,3
11297,121,17,1
11298,121,18,2
11299,121,19,3
11300,121,20,3
11301,121,21,2
11302,121,22,3
11303,121,23,2
11304,121,24,2
11305,121,25,1
11306,121,26,3
11307,121,27,1
11308,121,28,3
11309,121,29,2
11310,121,30,2
11311,121,31,2
11312,121,32,2
11313,121,33,3
11314,121,34,4
11315,121,35,3
11316,121,36,2
11317,121,37,3
11318,121,38,2
11319,121,39,2
11320,121,40,3
11321,121,41,3
11322,121,42,3
11323,121,43,3
11324,121,44,4
11325,121,45,2
11326,121,46,4
11327,121,47,4
11328,121,48,4
11329,121,49,2
11330,121,50,4
11331,121,51,3
11332,121,52,3
11333,121,53,2
11334,121,54,4
11335,121,55,3
11336,121,56,2
11337,121,57,4
11338,121,58,2
11339,121,59,4
11340,121,60,4
11341,121,61,2
11342,121,62,4
11343,121,63,2
11344,121,64,3
11345,121,65,2
11346,121,66,4
11347,121,67,4
11348,121,68,3
11349,121,69,2
11350,121,70,4
11351,121,71,2
11352,121,72,4
11353,121,73,2
11354,121,74,4
11355,121,75,3
11356,121,76,4
11357,121,77,3
11358,121,78,2
11359,121,79,4
11360,121,80,4
11361,121,81,4
11362,121,82,4
11363,121,83,3
11364,121,84,4
11365,121,85,3
11366,121,86,2
11367,121,87,4
11368,121,88,4
11369,121,89,2
11370,121,90,2
11371,121,91,2
11372,121,92,3
11373,121,93,3
11374,121,94,4
11375,122,1,1
11376,122,2,1
11377,122,3,1
11378,122,4,1
11379,122,5,2
11380,122,6,1
11381,122,7,1
11382,122,8,1
11383,122,9,1
11384,122,10,2
11385,122,11,3
11386,122,12,3
11387,122,13,3
11388,122,14,3
11389,122,15,1
11390,122,16,2
11391,122,17,3
11392,122,18,1
11393,122,19,3
11394,122,20,3
11395,122,21,2
11396,122,22,2
11397,122,23,1
11398,122,24,1
11399,122,25,3
11400,122,26,2
11401,122,27,3
11402,122,28,2
11403,122,29,2
11404,122,30,1
11405,122,31,2
11406,122,32,1
11407,122,33,2
11408,122,34,4
11409,122,35,3
11410,122,36,2
11411,122,37,2
11412,122,38,4
11413,122,39,2
11414,122,40,2
11415,122,41,2
11416,122,42,3
11417,122,43,4
11418,122,44,3
11419,122,45,3
11420,122,46,2
11421,122,47,3
11422,122,48,4
11423,122,49,4
11424,122,50,2
11425,122,51,4
11426,122,52,3
11427,122,53,2
11428,122,54,4
11429,122,55,4
11430,122,56,2
11431,122,57,2
11432,122,58,3
11433,122,59,3
11434,122,60,4
11435,122,61,3
11436,122,62,3
11437,122,63,2
11438,122,64,4
11439,122,65,3
11440,122,66,4
11441,122,67,3
11442,122,68,4
11443,122,69,4
11444,122,70,3
11445,122,71,3
11446,122,72,3
11447,122,73,2
11448,122,74,4
11449,122,75,4
11450,122,76,2
11451,122,77,4
11452,122,78,4
11453,122,79,3
11454,122,80,4
11455,122,81,4
11456,122,82,4
11457,122,83,3
11458,122,84,4
11459,122,85,2
11460,122,86,3
11461,122,87,2
11462,122,88,2
11463,122,89,4
11464,122,90,4
11465,122,91,3
11466,122,92,2
11467,122,93,2
11468,122,94,2
11469,123,1,2
11470,123,2,3
11471,123,3,3
11472,123,4,2
11473,123,5,2
11474,123,6,2
11475,123,7,1
11476,123,8,2
11477,123,9,3
11478,123,10,1
11479,123,11,1
11480,123,12,2
11481,123,13,3
11482,123,14,1
11483,123,15,3
11484,123,16,2
11485,123,17,3
11486,123,18,2
11487,123,19,3
11488,123,20,3
11489,123,21,1
11490,123,22,3
11491,123,23,3
11492,123,24,2
11493,123,25,3
11494,123,26,1
11495,123,27,3
11496,123,28,3
11497,123,29,3
11498,123,30,3
11499,123,31,2
11500,123,32,1
11501,123,33,3
11502,123,34,3
11503,123,35,2
11504,123,36,3
11505,123,37,3
11506,123,38,4
11507,123,39,4
11508,123,40,2
11509,123,41,3
11510,123,42,2
11511,123,43,2
11512,123,44,4
11513,123,45,4
11514,123,46,4
11515,123,47,3
11516,123,48,2
11517,123,49,2
11518,123,50,3
11519,123,51,4
11520,123,52,4
11521,123,53,2
11522,123,54,3
11523,123,55,3
11524,123,56,2
11525,123,57,2
11526,123,58,3
11527,123,59,2
11528,123,60,2
11529,123,61,4
11530,123,62,3
11531,123,63,4
11532,123,64,3
11533,123,65,2
11534,123,66,3
11535,123,67,2
11536,123,68,3
11537,123,69,3
11538,123,70,2
11539,123,71,3
11540,123,72,4
11541,123,73,3
11542,123,74,3
11543,123,75,3
11544,123,76,3
11545,123,77,4
11546,123,78,4
11547,123,79,4
11548,123,80,2
11549,123,81,4
11550,123,82,4
11551,123,83,3
11552,123,84,2
11553,123,85,2
11554,123,86,2
11555,123,87,3
11556,123,88,2
11557,123,89,4
11558,123,90,4
11559,123,91,2
11560,123,92,3
11561,123,93,2
11562,123,94,2
11563,124,1,3
11564,124,2,1
11565,124,3,3
11566,124,4,3
11567,124,5,1
11568,124,6,3
11569,124,7,1
11570,124,8,3
11571,124,9,2
11572,124,10,3
11573,124,11,1
11574,124,12,1
11575,124,13,3
11576,124,14,2
11577,124,15,3
11578,124,16,1
11579,124,17,3
11580,124,18,3
11581,124,19,3
11582,124,20,2
11583,124,21,1
11584,124,22,2
11585,124,23,2
11586,124,24,1
11587,124,25,2
11588,124,26,2
11589,124,27,3
11590,124,28,3
11591,124,29,1
11592,124,30,2
11593,124,31,3
11594,124,32,1
11595,124,33,2
11596,124,34,2
11597,124,35,4
11598,124,36,2
11599,124,37,3
11600,124,38,3
11601,124,39,4
11602,124,40,4
11603,124,41,2
11604,124,42,2
11605,124,43,3
11606,124,44,4
11607,124,45,4
11608,124,46,2
11609,124,47,2
11610,124,48,2
11611,124,49,2
11612,124,50,4
11613,124,51,4
11614,124,52,2
11615,124,53,4
11616,124,54,4
11617,124,55,3
11618,124,56,3
11619,124,57,4
11620,124,58,3
11621,124,59,2
11622,124,60,3
11623,124,61,3
11624,124,62,3
11625,124,63,3
11626,124,64,2
11627,124,65,3
11628,124,66,4
11629,124,67,2
11630,124,68,2
11631,124,69,2
11632,124,70,4
11633,124,71,4
11634,124,72,2
11635,124,73,3
11636,124,74,3
11637,124,75,4
11638,124,76,2
11639,124,77,3
11640,124,78,4
11641,124,79,4
11642,124,80,3
11643,124,81,4
11644,124,82,4
11645,124,83,4
11646,124,84,4
11647,124,85,3
11648,124,86,4
11649,124,87,2
11650,124,88,4
11651,124,89,2
11652,124,90,3
11653,124,91,2
11654,124,92,2
11655,124,93,3
11656,124,94,3
11657,125,1,3
11658,125,2,3
11659,125,3,1
11660,125,4,1
11661,125,5,1
11662,125,6,3
11663,125,7,2
11664,125,8,2
11665,125,9,1
11666,125,10,1
11667,125,11,2
11668,125,12,1
11669,125,13,1
11670,125,14,1
11671,125,15,1
11672,125,16,3
11673,125,17,1
11674,125,18,2
11675,125,19,1
11676,125,20,2
11677,125,21,1
11678,125,22,2
11679,125,23,3
11680,125,24,3
11681,125,25,1
11682,125,26,1
11683,125,27,3
11684,125,28,3
11685,125,29,3
11686,125,30,2
11687,125,31,2
11688,125,32,1
11689,125,33,2
11690,125,34,4
11691,125,35,2
11692,125,36,2
11693,125,37,3
11694,125,38,3
11695,125,39,4
11696,125,40,3
11697,125,41,3
11698,125,42,4
11699,125,43,3
11700,125,44,2
11701,125,45,4
11702,125,46,2
11703,125,47,4
11704,125,48,2
11705,125,49,2
11706,125,50,3
11707,125,51,3
11708,125,52,3
11709,125,53,2
11710,125,54,2
11711,125,55,4
11712,125,56,4
11713,125,57,2
11714,125,58,3
11715,125,59,4
11716,125,60,4
11717,125,61,3
11718,125,62,4
11719,125,63,2
11720,125,64,2
11721,125,65,4
11722,125,66,4
11723,125,67,2
11724,125,68,3
11725,125,69,2
11726,125,70,3
11727,125,71,3
11728,125,72,2
11729,125,73,3
11730,125,74,4
11731,125,75,3
11732,125,76,4
11733,125,77,4
11734,125,78,3
11735,125,79,4
11736,125,80,2
11737,125,81,2
11738,125,82,4
11739,125,83,3
11740,125,84,2
11741,125,85,3
11742,125,86,4
11743,125,87,4
11744,125,88,4
11745,125,89,4
11746,125,90,4
11747,125,91,4
11748,125,92,3
11749,125,93,4
11750,125,94,3
11751,126,1,2
11752,126,2,2
11753,126,3,1
11754,126,4,1
11755,126,5,3
11756,126,6,2
11757,126,7,1
11758,126,8,3
11759,126,9,3
11760,126,10,2
11761,126,11,1
11762,126,12,2
11763,126,13,1
11764,126,14,2
11765,126,15,1
11766,126,16,2
11767,126,17,1
11768,126,18,3
11769,126,19,1
11770,126,20,3
11771,126,21,3
11772,126,22,3
11773,126,23,2
11774,126,24,2
11775,126,25,1
11776,126,26,3
11777,126,27,3
11778,126,28,1
11779,126,29,1
11780,126,30,3
11781,126,31,2
11782,126,32,1
11783,126,33,4
11784,126,34,4
11785,126,35,3
11786,126,36,2
11787,126,37,4
11788,126,38,2
11789,126,39,2
11790,126,40,4
11791,126,41,3
11792,126,42,2
11793,126,43,4
11794,126,44,3
11795,126,45,3
11796,126,46,2
11797,126,47,2
11798,126,48,2
11799,126,49,2
11800,126,50,4
11801,126,51,4
11802,126,52,2
11803,126,53,3
11804,126,54,3
11805,126,55,4
11806,126,56,4
11807,126,57,4
11808,126,58,2
11809,126,59,2
11810,126,60,4
11811,126,61,2
11812,126,62,2
11813,126,63,3
11814,126,64,2
11815,126,65,4
11816,126,66,2
11817,126,67,2
11818,126,68,2
11819,126,69,4
11820,126,70,2
11821,126,71,3
11822,126,72,3
11823,126,73,3
11824,126,74,4
11825,126,75,2
11826,126,76,2
11827,126,77,3
11828,126,78,4
11829,126,79,3
11830,126,80,3
11831,126,81,3
11832,126,82,4
11833,126,83,4
11834,126,84,2
11835,126,85,2
11836,126,86,3
11837,126,87,2
11838,126,88,3
11839,126,89,3
11840,126,90,4
11841,126,91,2
11842,126,92,2
11843,126,93,4
11844,126,94,3
11845,127,1,2
11846,127,2,1
11847,127,3,2
11848,127,4,2
11849,127,5,1
11850,127,6,1
11851,127,7,3
11852,127,8,3
11853,127,9,3
11854,127,10,2
11855,127,11,1
11856,127,12,3
11857,127,13,2
11858,127,14,3
11859,127,15,3
11860,127,16,3
11861,127,17,1
11862,127,18,2
11863,127,19,1
11864,127,20,1
11865,127,21,2
11866,127,22,1
11867,127,23,3
11868,127,24,3
11869,127,25,1
11870,127,26,2
11871,127,27,2
11872,127,28,3
11873,127,29,3
11874,127,30,1
11875,127,31,2
11876,127,32,3
11877,127,33,2
11878,127,34,3
11879,127,35,3
11880,127,36,4
11881,127,37,3
11882,127,38,4
11883,127,39,4
11884,127,40,2
11885,127,41,4
11886,127,42,2
11887,127,43,3
11888,127,44,2
11889,127,45,2
11890,127,46,3
11891,127,47,3
11892,127,48,4
11893,127,49,2
11894,127,50,3
11895,127,51,3
11896,127,52,3
11897,127,53,2
11898,127,54,4
11899,127,55,4
11900,127,56,3
11901,127,57,4
11902,127,58,4
11903,127,59,4
11904,127,60,3
11905,127,61,4
11906,127,62,4
11907,127,63,4
11908,127,64,2
11909,127,65,4
11910,127,66,4
11911,127,67,2
11912,127,68,3
11913,127,69,2
11914,127,70,3
11915,127,71,4
11916,127,72,4
11917,127,73,3
11918,127,74,3
11919,127,75,3
11920,127,76,3
11921,127,77,3
11922,127,78,4
11923,127,79,4
11924,127,80,4
11925,127,81,4
11926,127,82,3
11927,127,83,2
11928,127,84,2
11929,127,85,4
11930,127,86,3
11931,127,87,2
11932,127,88,3
11933,127,89,4
11934,127,90,2
11935,127,91,4
11936,127,92,3
11937,127,93,3
11938,127,94,4
11939,128,1,1
11940,128,2,1
11941,128,3,1
11942,128,4,3
11943,128,5,3
11944,128,6,2
11945,128,7,3
11946,128,8,1
11947,128,9,2
11948,128,10,2
11949,128,11,3
11950,128,12,3
11951,128,13,3
11952,128,14,2
11953,128,15,3
11954,128,16,2
11955,128,17,3
11956,128,18,3
11957,128,19,2
11958,128,20,2
11959,128,21,2
11960,128,22,1
11961,128,23,2
11962,128,24,3
11963,128,25,3
11964,128,26,3
11965,128,27,2
11966,128,28,3
11967,128,29,1
11968,128,30,1
11969,128,31,2
11970,128,32,2
11971,128,33,2
11972,128,34,4
11973,128,35,4
11974,128,36,3
11975,128,37,4
11976,128,38,3
11977,128,39,2
11978,128,40,4
11979,128,41,2
11980,128,42,3
11981,128,43,2
11982,128,44,2
11983,128,45,4
11984,128,46,3
11985,128,47,4
11986,128,48,4
11987,128,49,3
11988,128,50,2
11989,128,51,3
11990,128,52,2
11991,128,53,3
11992,128,54,2
11993,128,55,2
11994,128,56,2
11995,128,57,2
11996,128,58,3
11997,128,59,4
11998,128,60,2
11999,128,61,3
12000,128,62,2
12001,128,63,3
12002,128,64,4
12003,128,65,4
12004,128,66,2
12005,128,67,4
12006,128,68,2
12007,128,69,4
12008,128,70,2
12009,128,71,3
12010,128,72,3
12011,128,73,4
12012,128,74,2
12013,128,75,2
12014,128,76,3
12015,128,77,4
12016,128,78,2
12017,128,79,2
12018,128,80,4
12019,128,81,4
12020,128,82,4
12021,128,83,4
12022,128,84,3
12023,128,85,2
12024,128,86,2
12025,128,87,4
12026,128,88,3
12027,128,89,4
12028,128,90,3
12029,128,91,4
12030,128,92,4
12031,128,93,2
12032,128,94,4
12033,129,1,3
12034,129,2,1
12035,129,3,2
12036,129,4,1
12037,129,5,2
12038,129,6,3
12039,129,7,2
12040,129,8,2
12041,129,9,1
12042,129,10,2
12043,129,11,1
12044,129,12,3
12045,129,13,1
12046,129,14,1
12047,129,15,2
12048,129,16,1
12049,129,17,3
12050,129,18,3
12051,129,19,2
12052,129,20,1
12053,129,21,3
12054,129,22,1
12055,129,23,2
12056,129,24,3
12057,129,25,2
12058,129,26,3
12059,129,27,2
12060,129,28,1
12061,129,29,3
12062,129,30,1
12063,129,31,3
12064,129,32,2
12065,129,33,3
12066,129,34,2
12067,129,35,2
12068,129,36,3
12069,129,37,3
12070,129,38,2
12071,129,39,2
12072,129,40,3
12073,129,41,4
12074,129,42,2
12075,129,43,4
12076,129,44,3
12077,129,45,4
12078,129,46,3
12079,129,47,3
12080,129,48,4
12081,129,49,2
12082,129,50,4
12083,129,51,4
12084,129,52,4
12085,129,53,2
12086,129,54,3
12087,129,55,4
12088,129,56,3
12089,129,57,4
12090,129,58,2
12091,129,59,4
12092,129,60,4
12093,129,61,2
12094,129,62,3
12095,129,63,4
12096,129,64,4
12097,129,65,2
12098,129,66,4
12099,129,67,4
12100,129,68,2
12101,129,69,3
12102,129,70,3
12103,129,71,3
12104,129,72,3
12105,129,73,3
12106,129,74,3
12107,129,75,3
12108,129,76,3
12109,129,77,4
12110,129,78,2
12111,129,79,3
12112,129,80,2
12113,129,81,2
12114,129,82,4
12115,129,83,3
12116,129,84,2
12117,129,85,4
12118,129,86,3
12119,129,87,2
12120,129,88,4
12121,129,89,2
12122,129,90,4
12123,129,91,2
12124,129,92,3
12125,129,93,4
12126,129,94,4
12127,130,1,1
12128,130,2,3
12129,130,3,3
12130,130,4,3
12131,130,5,2
12132,130,6,3
12133,130,7,3
12134,130,8,2
12135,130,9,3
12136,130,10,2
12137,130,11,1
12138,130,12,1
12139,130,13,3
12140,130,14,3
12141,130,15,2
12142,130,16,1
12143,130,17,3
12144,130,18,3
12145,130,19,2
12146,130,20,2
12147,130,21,3
12148,130,22,1
12149,130,23,1
12150,130,24,2
12151,130,25,1
12152,130,26,2
12153,130,27,2
12154,130,28,1
12155,130,29,1
12156,130,30,2
12157,130,31,2
12158,130,32,1
12159,130,33,2
12160,130,34,2
12161,130,35,3
12162,130,36,2
12163,130,37,2
12164,130,38,3
12165,130,39,3
12166,130,40,3
12167,130,41,2
12168,130,42,2
12169,130,43,2
12170,130,44,4
12171,130,45,2
12172,130,46,3
12173,130,47,4
12174,130,48,4
12175,130,49,3
12176,130,50,4
12177,130,51,2
12178,130,52,2
12179,130,53,2
12180,130,54,2
12181,130,55,2
12182,130,56,3
12183,130,57,2
12184,130,58,2
12185,130,59,2
12186,130,60,3
12187,130,61,2
12188,130,62,4
12189,130,63,2
12190,130,64,3
12191,130,65,4
12192,130,66,4
12193,130,67,3
12194,130,68,3
12195,130,69,4
12196,130,70,3
12197,130,71,4
12198,130,72,2
12199,130,73,4
12200,130,74,3
12201,130,75,4
12202,130,76,2
12203,130,77,4
12204,130,78,3
12205,130,79,2
12206,130,80,3
12207,130,81,2
12208,130,82,4
12209,130,83,2
12210,130,84,3
12211,130,85,3
12212,130,86,4
12213,130,87,3
12214,130,88,4
12215,130,89,2
12216,130,90,4
12217,130,91,2
12218,130,92,2
12219,130,93,4
12220,130,94,2
12221,131,1,3
12222,131,2,2
12223,131,3,1
12224,131,4,3
12225,131,5,1
12226,131,6,3
12227,131,7,3
12228,131,8,1
12229,131,9,3
12230,131,10,2
12231,131,11,3
12232,131,12,2
12233,131,13,3
12234,131,14,2
12235,131,15,3
12236,131,16,1
12237,131,17,1
12238,131,18,1
12239,131,19,3
12240,131,20,1
12241,131,21,3
12242,131,22,2
12243,131,23,3
12244,131,24,2
12245,131,25,2
12246,131,26,1
12247,131,27,2
12248,131,28,2
12249,131,29,3
12250,131,30,3
12251,131,31,1
12252,131,32,2
12253,131,33,3
12254,131,34,4
12255,131,35,2
12256,131,36,4
12257,131,37,2
12258,131,38,3
12259,131,39,3
12260,131,40,2
12261,131,41,3
12262,131,42,2
12263,131,43,2
12264,131,44,2
12265,131,45,2
12266,131,46,2
12267,131,47,2
12268,131,48,3
12269,131,49,2
12270,131,50,2
12271,131,51,2
12272,131,52,3
12273,131,53,3
12274,131,54,4
12275,131,55,3
12276,131,56,3
12277,131,57,2
12278,131,58,2
12279,131,59,2
12280,131,60,4
12281,131,61,3
12282,131,62,2
12283,131,63,3
12284,131,64,4
12285,131,65,4
12286,131,66,4
12287,131,67,4
12288,131,68,2
12289,131,69,3
12290,131,70,4
12291,131,71,4
12292,131,72,2
12293,131,73,3
12294,131,74,4
12295,131,75,4
12296,131,76,3
12297,131,77,3
12298,131,78,3
12299,131,79,3
12300,131,80,2
12301,131,81,2
12302,131,82,2
12303,131,83,3
12304,131,84,2
12305,131,85,3
12306,131,86,2
12307,131,87,4
12308,131,88,3
12309,131,89,2
12310,131,90,4
12311,131,91,2
12312,131,92,4
12313,131,93,3
12314,131,94,2
12315,132,1,1
12316,132,2,1
12317,132,3,1
12318,132,4,3
12319,132,5,3
12320,132,6,3
12321,132,7,1
12322,132,8,2
12323,132,9,3
12324,132,10,1
12325,132,11,1
12326,132,12,1
12327,132,13,1
12328,132,14,1
12329,132,15,2
12330,132,16,2
12331,132,17,2
12332,132,18,1
12333,132,19,3
12334,132,20,3
12335,132,21,1
12336,132,22,1
12337,132,23,3
12338,132,24,3
12339,132,25,3
12340,132,26,2
12341,132,27,1
12342,132,28,2
12343,132,29,3
12344,132,30,2
12345,132,31,1
12346,132,32,2
12347,132,33,4
12348,132,34,3
12349,132,35,2
12350,132,36,4
12351,132,37,2
12352,132,38,3
12353,132,39,3
12354,132,40,4
12355,132,41,4
12356,132,42,3
12357,132,43,3
12358,132,44,2
12359,132,45,3
12360,132,46,3
12361,132,47,3
12362,132,48,4
12363,132,49,3
12364,132,50,3
12365,132,51,2
12366,132,52,2
12367,132,53,2
12368,132,54,3
12369,132,55,3
12370,132,56,4
12371,132,57,2
12372,132,58,3
12373,132,59,2
12374,132,60,2
12375,132,61,3
12376,132,62,2
12377,132,63,3
12378,132,64,4
12379,132,65,4
12380,132,66,2
12381,132,67,4
12382,132,68,4
12383,132,69,4
12384,132,70,4
12385,132,71,4
12386,132,72,4
12387,132,73,2
12388,132,74,3
12389,132,75,3
12390,132,76,3
12391,132,77,3
12392,132,78,4
12393,132,79,2
12394,132,80,3
12395,132,81,2
12396,132,82,3
12397,132,83,4
12398,132,84,4
12399,132,85,3
12400,132,86,4
12401,132,87,4
12402,132,88,2
12403,132,89,3
12404,132,90,2
12405,132,91,4
12406,132,92,3
12407,132,93,4
12408,132,94,4
12409,133,1,1
12410,133,2,2
12411,133,3,3
12412,133,4,1
12413,133,5,1
12414,133,6,3
12415,133,7,1
12416,133,8,1
12417,133,9,1
12418,133,10,2
12419,133,11,1
12420,133,12,1
12421,133,13,2
12422,133,14,1
12423,133,15,2
12424,133,16,3
12425,133,17,2
12426,133,18,2
12427,133,19,2
12428,133,20,2
12429,133,21,3
12430,133,22,3
12431,133,23,1
12432,133,24,3
12433,133,25,1
12434,133,26,2
12435,133,27,1
12436,133,28,2
12437,133,29,1
12438,133,30,1
12439,133,31,2
12440,133,32,1
12441,133,33,3
12442,133,34,4
12443,133,35,2
12444,133,36,2
12445,133,37,3
12446,133,38,3
12447,133,39,4
12448,133,40,2
12449,133,41,2
12450,133,42,4
12451,133,43,4
12452,133,44,4
12453,133,45,3
12454,133,46,2
12455,133,47,4
12456,133,48,3
12457,133,49,3
12458,133,50,3
12459,133,51,4
12460,133,52,3
12461,133,53,3
12462,133,54,2
12463,133,55,3
12464,133,56,4
12465,133,57,3
12466,133,58,3
12467,133,59,4
12468,133,60,4
12469,133,61,3
12470,133,62,2
12471,133,63,2
12472,133,64,2
12473,133,65,4
12474,133,66,3
12475,133,67,3
12476,133,68,2
12477,133,69,3
12478,133,70,2
12479,133,71,3
12480,133,72,3
12481,133,73,2
12482,133,74,2
12483,133,75,2
12484,133,76,3
12485,133,77,4
12486,133,78,4
12487,133,79,3
12488,133,80,2
12489,133,81,3
12490,133,82,3
12491,133,83,3
12492,133,84,2
12493,133,85,3
12494,133,86,3
12495,133,87,3
12496,133,88,3
12497,133,89,3
12498,133,90,4
12499,133,91,3
12500,133,92,3
12501,133,93,4
12502,133,94,3
12503,134,1,3
12504,134,2,2
12505,134,3,3
12506,134,4,3
12507,134,5,2
12508,134,6,3
12509,134,7,3
12510,134,8,1
12511,134,9,3
12512,134,10,3
12513,134,11,2
12514,134,12,3
12515,134,13,1
12516,134,14,3
12517,134,15,2
12518,134,16,1
12519,134,17,1
12520,134,18,2
12521,134,19,2
12522,134,20,1
12523,134,21,3
12524,134,22,2
12525,134,23,3
12526,134,24,1
12527,134,25,2
12528,134,26,1
12529,134,27,3
12530,134,28,1
12531,134,29,1
12532,134,30,3
12533,134,31,3
12534,134,32,1
12535,134,33,2
12536,134,34,4
12537,134,35,2
12538,134,36,3
12539,134,37,3
12540,134,38,2
12541,134,39,2
12542,134,40,3
12543,134,41,2
12544,134,42,2
12545,134,43,2
12546,134,44,4
12547,134,45,2
12548,134,46,4
12549,134,47,2
12550,134,48,2
12551,134,49,2
12552,134,50,2
12553,134,51,3
12554,134,52,3
12555,134,53,2
12556,134,54,3
12557,134,55,3
12558,134,56,3
12559,134,57,2
12560,134,58,3
12561,134,59,3
12562,134,60,3
12563,134,61,4
12564,134,62,2
12565,134,63,4
12566,134,64,3
12567,134,65,3
12568,134,66,3
12569,134,67,4
12570,134,68,2
12571,134,69,2
12572,134,70,2
12573,134,71,4
12574,134,72,4
12575,134,73,3
12576,134,74,2
12577,134,75,3
12578,134,76,3
12579,134,77,2
12580,134,78,4
12581,134,79,4
12582,134,80,4
12583,134,81,3
12584,134,82,2
12585,134,83,4
12586,134,84,4
12587,134,85,3
12588,134,86,2
12589,134,87,3
12590,134,88,4
12591,134,89,2
12592,134,90,4
12593,134,91,4
12594,134,92,2
12595,134,93,4
12596,134,94,4
12597,135,1,1
12598,135,2,1
12599,135,3,2
12600,135,4,3
12601,135,5,1
12602,135,6,1
12603,135,7,2
12604,135,8,3
12605,135,9,3
12606,135,10,3
12607,135,11,1
12608,135,12,1
12609,135,13,2
12610,135,14,3
12611,135,15,3
12612,135,16,2
12613,135,17,1
12614,135,18,2
12615,135,19,1
12616,135,20,2
12617,135,21,2
12618,135,22,1
12619,135,23,3
12620,135,24,3
12621,135,25,3
12622,135,26,2
12623,135,27,1
12624,135,28,2
12625,135,29,3
12626,135,30,2
12627,135,31,2
12628,135,32,1
12629,135,33,4
12630,135,34,2
12631,135,35,4
12632,135,36,3
12633,135,37,3
12634,135,38,3
12635,135,39,2
12636,135,40,2
12637,135,41,3
12638,135,42,2
12639,135,43,3
12640,135,44,4
12641,135,45,2
12642,135,46,4
12643,135,47,2
12644,135,48,4
12645,135,49,3
12646,135,50,4
12647,135,51,4
12648,135,52,4
12649,135,53,3
12650,135,54,2
12651,135,55,4
12652,135,56,3
12653,135,57,3
12654,135,58,2
12655,135,59,2
12656,135,60,4
12657,135,61,3
12658,135,62,2
12659,135,63,4
12660,135,64,3
12661,135,65,3
12662,135,66,4
12663,135,67,3
12664,135,68,2
12665,135,69,2
12666,135,70,3
12667,135,71,3
12668,135,72,3
12669,135,73,3
12670,135,74,4
12671,135,75,3
12672,135,76,2
12673,135,77,2
12674,135,78,4
12675,135,79,4
12676,135,80,3
12677,135,81,3
12678,135,82,4
12679,135,83,3
12680,135,84,3
12681,135,85,4
12682,135,86,4
12683,135,87,3
12684,135,88,3
12685,135,89,3
12686,135,90,2
12687,135,91,4
12688,135,92,2
12689,135,93,4
12690,135,94,3
12691,136,1,2
12692,136,2,1
12693,136,3,3
12694,136,4,3
12695,136,5,3
12696,136,6,1
12697,136,7,3
12698,136,8,1
12699,136,9,1
12700,136,10,1
12701,136,11,3
12702,136,12,1
12703,136,13,3
12704,136,14,3
12705,136,15,1
12706,136,16,2
12707,136,17,1
12708,136,18,2
12709,136,19,2
12710,136,20,3
12711,136,21,3
12712,136,22,3
12713,136,23,2
12714,136,24,2
12715,136,25,1
12716,136,26,2
12717,136,27,2
12718,136,28,3
12719,136,29,1
12720,136,30,2
12721,136,31,3
12722,136,32,2
12723,136,33,3
12724,136,34,2
12725,136,35,2
12726,136,36,4
12727,136,37,4
12728,136,38,3
12729,136,39,3
12730,136,40,2
12731,136,41,3
12732,136,42,2
12733,136,43,4
12734,136,44,3
12735,136,45,4
12736,136,46,3
12737,136,47,3
12738,136,48,4
12739,136,49,4
12740,136,50,3
12741,136,51,2
12742,136,52,4
12743,136,53,3
12744,136,54,2
12745,136,55,3
12746,136,56,3
12747,136,57,4
12748,136,58,4
12749,136,59,4
12750,136,60,3
12751,136,61,4
12752,136,62,3
12753,136,63,4
12754,136,64,4
12755,136,65,3
12756,136,66,3
12757,136,67,4
12758,136,68,2
12759,136,69,4
12760,136,70,2
12761,136,71,3
12762,136,72,3
12763,136,73,3
12764,136,74,2
12765,136,75,4
12766,136,76,3
12767,136,77,2
12768,136,78,4
12769,136,79,4
12770,136,80,3
12771,136,81,4
12772,136,82,2
12773,136,83,4
12774,136,84,2
12775,136,85,4
12776,136,86,4
12777,136,87,2
12778,136,88,4
12779,136,89,3
12780,136,90,4
12781,136,91,2
12782,136,92,3
12783,136,93,4
12784,136,94,3
12785,137,1,2
12786,137,2,3
12787,137,3,1
12788,137,4,3
12789,137,5,2
12790,137,6,1
12791,137,7,1
12792,137,8,2
12793,137,9,1
12794,137,10,2
12795,137,11,2
12796,137,12,3
12797,137,13,3
12798,137,14,2
12799,137,15,1
12800,137,16,3
12801,137,17,3
12802,137,18,1
12803,137,19,1
12804,137,20,2
12805,137,21,2
12806,137,22,2
12807,137,23,3
12808,137,24,2
12809,137,25,3
12810,137,26,3
12811,137,27,3
12812,137,28,1
12813,137,29,1
12814,137,30,2
12815,137,31,3
12816,137,32,3
12817,137,33,3
12818,137,34,2
12819,137,35,4
12820,137,36,3
12821,137,37,4
12822,137,38,3
12823,137,39,3
12824,137,40,4
12825,137,41,2
12826,137,42,3
12827,137,43,2
12828,137,44,3
12829,137,45,4
12830,137,46,2
12831,137,47,3
12832,137,48,4
12833,137,49,2
12834,137,50,3
12835,137,51,4
12836,137,52,2
12837,137,53,4
12838,137,54,3
12839,137,55,4
12840,137,56,2
12841,137,57,3
12842,137,58,2
12843,137,59,2
12844,137,60,4
12845,137,61,4
12846,137,62,4
12847,137,63,2
12848,137,64,4
12849,137,65,4
12850,137,66,3
12851,137,67,2
12852,137,68,2
12853,137,69,3
12854,137,70,2
12855,137,71,4
12856,137,72,2
12857,137,73,2
12858,137,74,3
12859,137,75,2
12860,137,76,4
12861,137,77,3
12862,137,78,2
12863,137,79,3
12864,137,80,2
12865,137,81,3
12866,137,82,2
12867,137,83,3
12868,137,84,4
12869,137,85,3
12870,137,86,2
12871,137,87,2
12872,137,88,3
12873,137,89,3
12874,137,90,3
12875,137,91,3
12876,137,92,3
12877,137,93,4
12878,137,94,2
12879,138,1,2
12880,138,2,2
12881,138,3,3
12882,138,4,3
12883,138,5,2
12884,138,6,2
12885,138,7,3
12886,138,8,3
12887,138,9,1
12888,138,10,2
12889,138,11,2
12890,138,12,2
12891,138,13,3
12892,138,14,3
12893,138,15,3
12894,138,16,1
12895,138,17,1
12896,138,18,2
12897,138,19,2
12898,138,20,1
12899,138,21,3
12900,138,22,1
12901,138,23,1
12902,138,24,1
12903,138,25,1
12904,138,26,2
12905,138,27,3
12906,138,28,2
12907,138,29,2
12908,138,30,3
12909,138,31,2
12910,138,32,3
12911,138,33,2
12912,138,34,3
12913,138,35,2
12914,138,36,2
12915,138,37,3
12916,138,38,2
12917,138,39,4
12918,138,40,2
12919,138,41,3
12920,138,42,3
12921,138,43,3
12922,138,44,4
12923,138,45,4
12924,138,46,4
12925,138,47,2
12926,138,48,3
12927,138,49,3
12928,138,50,3
12929,138,51,4
12930,138,52,2
12931,138,53,2
12932,138,54,4
12933,138,55,2
12934,138,56,4
12935,138,57,3
12936,138,58,2
12937,138,59,3
12938,138,60,3
12939,138,61,4
12940,138,62,2
12941,138,63,2
12942,138,64,2
12943,138,65,4
12944,138,66,2
12945,138,67,4
12946,138,68,3
12947,138,69,2
12948,138,70,4
12949,138,71,2
12950,138,72,4
12951,138,73,2
12952,138,74,4
12953,138,75,3
12954,138,76,2
12955,138,77,4
12956,138,78,3
12957,138,79,3
12958,138,80,2
12959,138,81,4
12960,138,82,4
12961,138,83,4
12962,138,84,3
12963,138,85,3
12964,138,86,4
12965,138,87,3
12966,138,88,2
12967,138,89,3
12968,138,90,2
12969,138,91,3
12970,138,92,3
12971,138,93,3
12972,138,94,4
12973,139,1,2
12974,139,2,2
12975,139,3,2
12976,139,4,3
12977,139,5,2
12978,139,6,1
12979,139,7,3
12980,139,8,1
12981,139,9,3
12982,139,10,3
12983,139,11,1
12984,139,12,3
12985,139,13,1
12986,139,14,1
12987,139,15,1
12988,139,16,3
12989,139,17,2
12990,139,18,2
12991,139,19,3
12992,139,20,2
12993,139,21,1
12994,139,22,1
12995,139,23,1
12996,139,24,3
12997,139,25,3
12998,139,26,1
12999,139,27,3
13000,139,28,3
13001,139,29,1
13002,139,30,2
13003,139,31,3
13004,139,32,1
13005,139,33,2
13006,139,34,4
13007,139,35,3
13008,139,36,2
13009,139,37,3
13010,139,38,4
13011,139,39,2
13012,139,40,4
13013,139,41,4
13014,139,42,2
13015,139,43,2
13016,139,44,3
13017,139,45,2
13018,139,46,2
13019,139,47,2
13020,139,48,2
13021,139,49,4
13022,139,50,3
13023,139,51,3
13024,139,52,2
13025,139,53,3
13026,139,54,2
13027,139,55,4
13028,139,56,2
13029,139,57,4
13030,139,58,4
13031,139,59,3
13032,139,60,3
13033,139,61,2
13034,139,62,2
13035,139,63,2
13036,139,64,3
13037,139,65,2
13038,139,66,3
13039,139,67,3
13040,139,68,2
13041,139,69,4
13042,139,70,3
13043,139,71,2
13044,139,72,4
13045,139,73,4
13046,139,74,2
13047,139,75,2
13048,139,76,2
13049,139,77,4
13050,139,78,2
13051,139,79,4
13052,139,80,3
13053,139,81,2
13054,139,82,4
13055,139,83,4
13056,139,84,4
13057,139,85,4
13058,139,86,2
13059,139,87,3
13060,139,88,3
13061,139,89,4
13062,139,90,4
13063,139,91,3
13064,139,92,3
13065,139,93,3
13066,139,94,2
13067,140,1,3
13068,140,2,1
13069,140,3,1
13070,140,4,2
13071,140,5,2
13072,140,6,1
13073,140,7,3
13074,140,8,1
13075,140,9,1
13076,140,10,1
13077,140,11,2
13078,140,12,3
13079,140,13,1
13080,140,14,3
13081,140,15,3
13082,140,16,2
13083,140,17,2
13084,140,18,2
13085,140,19,1
13086,140,20,2
13087,140,21,2
13088,140,22,2
13089,140,23,1
13090,140,24,2
13091,140,25,3
13092,140,26,3
13093,140,27,2
13094,140,28,1
13095,140,29,3
13096,140,30,1
13097,140,31,2
13098,140,32,1
13099,140,33,4
13100,140,34,3
13101,140,35,2
13102,140,36,4
13103,140,37,4
13104,140,38,4
13105,140,39,3
13106,140,40,2
13107,140,41,3
13108,140,42,2
13109,140,43,3
13110,140,44,2
13111,140,45,4
13112,140,46,3
13113,140,47,2
13114,140,48,3
13115,140,49,3
13116,140,50,2
13117,140,51,2
13118,140,52,2
13119,140,53,4
13120,140,54,2
13121,140,55,4
13122,140,56,2
13123,140,57,3
13124,140,58,2
13125,140,59,3
13126,140,60,2
13127,140,61,3
13128,140,62,4
13129,140,63,4
13130,140,64,2
13131,140,65,2
13132,140,66,3
13133,140,67,2
13134,140,68,4
13135,140,69,2
13136,140,70,4
13137,140,71,2
13138,140,72,2
13139,140,73,4
13140,140,74,4
13141,140,75,2
13142,140,76,3
13143,140,77,3
13144,140,78,4
13145,140,79,4
13146,140,80,4
13147,140,81,3
13148,140,82,3
13149,140,83,3
13150,140,84,2
13151,140,85,3
13152,140,86,3
13153,140,87,2
13154,140,88,4
13155,140,89,4
13156,140,90,4
13157,140,91,4
13158,140,92,2
13159,140,93,4
13160,140,94,2
13161,141,1,2
13162,141,2,3
13163,141,3,1
13164,141,4,2
13165,141,5,2
13166,141,6,3
13167,141,7,1
13168,141,8,2
13169,141,9,1
13170,141,10,2
13171,141,11,3
13172,141,12,2
13173,141,13,3
13174,141,14,3
13175,141,15,3
13176,141,16,2
13177,141,17,1
13178,141,18,3
13179,141,19,2
13180,141,20,1
13181,141,21,2
13182,141,22,1
13183,141,23,3
13184,141,24,1
13185,141,25,1
13186,141,26,1
13187,141,27,1
13188,141,28,2
13189,141,29,2
13190,141,30,1
13191,141,31,1
13192,141,32,3
13193,141,33,3
13194,141,34,4
13195,141,35,2
13196,141,36,3
13197,141,37,4
13198,141,38,3
13199,141,39,2
13200,141,40,4
13201,141,41,2
13202,141,42,4
13203,141,43,2
13204,141,44,3
13205,141,45,2
13206,141,46,4
13207,141,47,2
13208,141,48,4
13209,141,49,4
13210,141,50,3
13211,141,51,4
13212,141,52,3
13213,141,53,3
13214,141,54,2
13215,141,55,3
13216,141,56,2
13217,141,57,4
13218,141,58,4
13219,141,59,4
13220,141,60,4
13221,141,61,2
13222,141,62,3
13223,141,63,4
13224,141,64,3
13225,141,65,4
13226,141,66,4
13227,141,67,4
13228,141,68,2
13229,141,69,2
13230,141,70,2
13231,141,71,4
13232,141,72,2
13233,141,73,3
13234,141,74,4
13235,141,75,2
13236,141,76,2
13237,141,77,3
13238,141,78,2
13239,141,79,3
13240,141,80,3
13241,141,81,4
13242,141,82,2
13243,141,83,4
13244,141,84,3
13245,141,85,3
13246,141,86,4
13247,141,87,2
13248,141,88,2
13249,141,89,3
13250,141,90,4
13251,141,91,4
13252,141,92,4
13253,141,93,4
13254,141,94,4
13255,142,1,2
13256,142,2,3
13257,142,3,3
13258,142,4,1
13259,142,5,2
13260,142,6,2
13261,142,7,2
13262,142,8,1
13263,142,9,2
13264,142,10,3
13265,142,11,1
13266,142,12,3
13267,142,13,1
13268,142,14,1
13269,142,15,3
13270,142,16,2
13271,142,17,2
13272,142,18,3
13273,142,19,3
13274,142,20,3
13275,142,21,3
13276,142,22,2
13277,142,23,3
13278,142,24,3
13279,142,25,3
13280,142,26,2
13281,142,27,1
13282,142,28,2
13283,142,29,1
13284,142,30,2
13285,142,31,2
13286,142,32,3
13287,142,33,4
13288,142,34,2
13289,142,35,3
13290,142,36,3
13291,142,37,4
13292,142,38,3
13293,142,39,3
13294,142,40,3
13295,142,41,4
13296,142,42,3
13297,142,43,4
13298,142,44,2
13299,142,45,4
13300,142,46,3
13301,142,47,2
13302,142,48,4
13303,142,49,3
13304,142,50,2
13305,142,51,3
13306,142,52,3
13307,142,53,4
13308,142,54,2
13309,142,55,2
13310,142,56,2
13311,142,57,4
13312,142,58,2
13313,142,59,3
13314,142,60,3
13315,142,61,2
13316,142,62,3
13317,142,63,4
13318,142,64,4
13319,142,65,4
13320,142,66,2
13321,142,67,2
13322,142,68,3
13323,142,69,4
13324,142,70,3
13325,142,71,2
13326,142,72,2
13327,142,73,3
13328,142,74,2
13329,142,75,4
13330,142,76,2
13331,142,77,2
13332,142,78,4
13333,142,79,3
13334,142,80,3
13335,142,81,2
13336,142,82,3
13337,142,83,3
13338,142,84,4
13339,142,85,3
13340,142,86,2
13341,142,87,4
13342,142,88,3
13343,142,89,2
13344,142,90,2
13345,142,91,2
13346,142,92,3
13347,142,93,2
13348,142,94,2
13349,143,1,2
13350,143,2,3
13351,143,3,2
13352,143,4,1
13353,143,5,3
13354,143,6,2
13355,143,7,2
13356,143,8,1
13357,143,9,3
13358,143,10,1
13359,143,11,3
13360,143,12,2
13361,143,13,2
13362,143,14,1
13363,143,15,3
13364,143,16,1
13365,143,17,1
13366,143,18,1
13367,143,19,1
13368,143,20,3
13369,143,21,2
13370,143,22,3
13371,143,23,3
13372,143,24,3
13373,143,25,1
13374,143,26,3
13375,143,27,1
13376,143,28,1
13377,143,29,2
13378,143,30,1
13379,143,31,3
13380,143,32,3
13381,143,33,2
13382,143,34,2
13383,143,35,2
13384,143,36,4
13385,143,37,4
13386,143,38,4
13387,143,39,2
13388,143,40,3
13389,143,41,4
13390,143,42,2
13391,143,43,2
13392,143,44,4
13393,143,45,4
13394,143,46,4
13395,143,47,4
13396,143,48,4
13397,143,49,3
13398,143,50,4
13399,143,51,3
13400,143,52,2
13401,143,53,4
13402,143,54,4
13403,143,55,2
13404,143,56,2
13405,143,57,4
13406,143,58,4
13407,143,59,4
13408,143,60,2
13409,143,61,3
13410,143,62,2
13411,143,63,2
13412,143,64,2
13413,143,65,4
13414,143,66,3
13415,143,67,2
13416,143,68,3
13417,143,69,2
13418,143,70,3
13419,143,71,2
13420,143,72,4
13421,143,73,3
13422,143,74,4
13423,143,75,4
13424,143,76,4
13425,143,77,4
13426,143,78,3
13427,143,79,3
13428,143,80,2
13429,143,81,3
13430,143,82,2
13431,143,83,2
13432,143,84,2
13433,143,85,4
13434,143,86,2
13435,143,87,4
13436,143,88,3
13437,143,89,4
13438,143,90,2
13439,143,91,4
13440,143,92,3
13441,143,93,2
13442,143,94,4
13443,144,1,1
13444,144,2,1
13445,144,3,1
13446,144,4,1
13447,144,5,3
13448,144,6,2
13449,144,7,2
13450,144,8,3
13451,144,9,1
13452,144,10,1
13453,144,11,2
13454,144,12,1
13455,144,13,2
13456,144,14,3
13457,144,15,1
13458,144,16,2
13459,144,17,2
13460,144,18,3
13461,144,19,3
13462,144,20,2
13463,144,21,2
13464,144,22,2
13465,144,23,2
13466,144,24,1
13467,144,25,3
13468,144,26,2
13469,144,27,3
13470,144,28,2
13471,144,29,2
13472,144,30,1
13473,144,31,2
13474,144,32,1
13475,144,33,4
13476,144,34,4
13477,144,35,2
13478,144,36,3
13479,144,37,3
13480,144,38,4
13481,144,39,2
13482,144,40,2
13483,144,41,3
13484,144,42,3
13485,144,43,2
13486,144,44,3
13487,144,45,3
13488,144,46,4
13489,144,47,2
13490,144,48,4
13491,144,49,2
13492,144,50,2
13493,144,51,2
13494,144,52,4
13495,144,53,3
13496,144,54,4
13497,144,55,3
13498,144,56,4
13499,144,57,4
13500,144,58,2
13501,144,59,3
13502,144,60,4
13503,144,61,4
13504,144,62,3
13505,144,63,2
13506,144,64,3
13507,144,65,2
13508,144,66,2
13509,144,67,2
13510,144,68,3
13511,144,69,3
13512,144,70,3
13513,144,71,4
13514,144,72,2
13515,144,73,2
13516,144,74,2
13517,144,75,4
13518,144,76,2
13519,144,77,4
13520,144,78,2
13521,144,79,2
13522,144,80,3
13523,144,81,2
13524,144,82,4
13525,144,83,3
13526,144,84,3
13527,144,85,4
13528,144,86,4
13529,144,87,2
13530,144,88,3
13531,144,89,3
13532,144,90,4
13533,144,91,2
13534,144,92,2
13535,144,93,3
13536,144,94,2
13537,145,1,2
13538,145,2,1
13539,145,3,2
13540,145,4,3
13541,145,5,3
13542,145,6,3
13543,145,7,3
13544,145,8,1
13545,145,9,3
13546,145,10,2
13547,145,11,2
13548,145,12,2
13549,145,13,3
13550,145,14,2
13551,145,15,1
13552,145,16,2
13553,145,17,3
13554,145,18,1
13555,145,19,3
13556,145,20,1
13557,145,21,2
13558,145,22,2
13559,145,23,2
13560,145,24,2
13561,145,25,3
13562,145,26,3
13563,145,27,3
13564,145,28,3
13565,145,29,2
13566,145,30,1
13567,145,31,1
13568,145,32,3
13569,145,33,2
13570,145,34,3
13571,145,35,2
13572,145,36,4
13573,145,37,3
13574,145,38,4
13575,145,39,3
13576,145,40,2
13577,145,41,2
13578,145,42,2
13579,145,43,2
13580,145,44,3
13581,145,45,3
13582,145,46,2
13583,145,47,4
13584,145,48,4
13585,145,49,3
13586,145,50,3
13587,145,51,4
13588,145,52,3
13589,145,53,3
13590,145,54,3
13591,145,55,2
13592,145,56,2
13593,145,57,3
13594,145,58,3
13595,145,59,4
13596,145,60,3
13597,145,61,4
13598,145,62,4
13599,145,63,4
13600,145,64,3
13601,145,65,3
13602,145,66,2
13603,145,67,3
13604,145,68,2
13605,145,69,2
13606,145,70,3
13607,145,71,2
13608,145,72,2
13609,145,73,4
13610,145,74,4
13611,145,75,3
13612,145,76,3
13613,145,77,4
13614,145,78,3
13615,145,79,4
13616,145,80,3
13617,145,81,3
13618,145,82,3
13619,145,83,3
13620,145,84,2
13621,145,85,3
13622,145,86,3
13623,145,87,2
13624,145,88,2
13625,145,89,2
13626,145,90,4
13627,145,91,3
13628,145,92,4
13629,145,93,4
13630,145,94,3
13631,146,1,1
13632,146,2,3
13633,146,3,3
13634,146,4,2
13635,146,5,2
13636,146,6,3
13637,146,7,1
13638,146,8,2
13639,146,9,1
13640,146,10,3
13641,146,11,1
13642,146,12,1
13643,146,13,2
13644,146,14,3
13645,146,15,3
13646,146,16,1
13647,146,17,1
13648,146,18,2
13649,146,19,1
13650,146,20,2
13651,146,21,3
13652,146,22,2
13653,146,23,2
13654,146,24,2
13655,146,25,1
13656,146,26,2
13657,146,27,2
13658,146,28,3
13659,146,29,2
13660,146,30,2
13661,146,31,1
13662,146,32,3
13663,146,33,2
13664,146,34,4
13665,146,35,3
13666,146,36,3
13667,146,37,3
13668,146,38,2
13669,146,39,4
13670,146,40,2
13671,146,41,2
13672,146,42,3
13673,146,43,4
13674,146,44,3
13675,146,45,3
13676,146,46,4
13677,146,47,2
13678,146,48,2
13679,146,49,4
13680,146,50,2
13681,146,51,3
13682,146,52,2
13683,146,53,4
13684,146,54,3
13685,146,55,2
13686,146,56,2
13687,146,57,4
13688,146,58,2
13689,146,59,4
13690,146,60,3
13691,146,61,3
13692,146,62,4
13693,146,63,4
13694,146,64,4
13695,146,65,3
13696,146,66,4
13697,146,67,2
13698,146,68,4
13699,146,69,2
13700,146,70,4
13701,146,71,3
13702,146,72,2
13703,146,73,3
13704,146,74,3
13705,146,75,3
13706,146,76,4
13707,146,77,2
13708,146,78,3
13709,146,79,4
13710,146,80,4
13711,146,81,2
13712,146,82,2
13713,146,83,2
13714,146,84,2
13715,146,85,2
13716,146,86,2
13717,146,87,2
13718,146,88,4
13719,146,89,2
13720,146,90,4
13721,146,91,2
13722,146,92,4
13723,146,93,3
13724,146,94,3
13725,147,1,2
13726,147,2,3
13727,147,3,3
13728,147,4,3
13729,147,5,3
13730,147,6,2
13731,147,7,3
13732,147,8,3
13733,147,9,1
13734,147,10,1
13735,147,11,3
13736,147,12,2
13737,147,13,2
13738,147,14,1
13739,147,15,1
13740,147,16,3
13741,147,17,1
13742,147,18,2
13743,147,19,2
13744,147,20,2
13745,147,21,2
13746,147,22,2
13747,147,23,2
13748,147,24,3
13749,147,25,1
13750,147,26,3
13751,147,27,2
13752,147,28,3
13753,147,29,2
13754,147,30,2
13755,147,31,2
13756,147,32,2
13757,147,33,3
13758,147,34,4
13759,147,35,3
13760,147,36,3
13761,147,37,2
13762,147,38,4
13763,147,39,4
13764,147,40,4
13765,147,41,4
13766,147,42,2
13767,147,43,2
13768,147,44,4
13769,147,45,3
13770,147,46,4
13771,147,47,2
13772,147,48,2
13773,147,49,3
13774,147,50,2
13775,147,51,2
13776,147,52,4
13777,147,53,2
13778,147,54,4
13779,147,55,4
13780,147,56,3
13781,147,57,4
13782,147,58,3
13783,147,59,3
13784,147,60,4
13785,147,61,3
13786,147,62,4
13787,147,63,3
13788,147,64,2
13789,147,65,2
13790,147,66,3
13791,147,67,4
13792,147,68,2
13793,147,69,4
13794,147,70,4
13795,147,71,2
13796,147,72,3
13797,147,73,3
13798,147,74,4
13799,147,75,4
13800,147,76,2
13801,147,77,2
13802,147,78,2
13803,147,79,2
13804,147,80,2
13805,147,81,2
13806,147,82,3
13807,147,83,4
13808,147,84,2
13809,147,85,3
13810,147,86,4
13811,147,87,4
13812,147,88,3
13813,147,89,4
13814,147,90,4
13815,147,91,2
13816,147,92,4
13817,147,93,2
13818,147,94,3
13819,148,1,2
13820,148,2,3
13821,148,3,3
13822,148,4,2
13823,148,5,2
13824,148,6,1
13825,148,7,3
13826,148,8,3
13827,148,9,3
13828,148,10,3
13829,148,11,1
13830,148,12,2
13831,148,13,3
13832,148,14,2
13833,148,15,1
13834,148,16,1
13835,148,17,1
13836,148,18,1
13837,148,19,3
13838,148,20,3
13839,148,21,2
13840,148,22,1
13841,148,23,2
13842,148,24,3
13843,148,25,2
13844,148,26,1
13845,148,27,1
13846,148,28,1
13847,148,29,3
13848,148,30,2
13849,148,31,2
13850,148,32,3
13851,148,33,3
13852,148,34,2
13853,148,35,2
13854,148,36,3
13855,148,37,2
13856,148,38,2
13857,148,39,4
13858,148,40,2
13859,148,41,4
13860,148,42,3
13861,148,43,4
13862,148,44,4
13863,148,45,3
13864,148,46,2
13865,148,47,4
13866,148,48,4
13867,148,49,2
13868,148,50,3
13869,148,51,3
13870,148,52,3
13871,148,53,4
13872,148,54,4
13873,148,55,4
13874,148,56,4
13875,148,57,2
13876,148,58,4
13877,148,59,3
13878,148,60,3
13879,148,61,2
13880,148,62,2
13881,148,63,4
13882,148,64,4
13883,148,65,4
13884,148,66,3
13885,148,67,2
13886,148,68,2
13887,148,69,2
13888,148,70,3
13889,148,71,3
13890,148,72,4
13891,148,73,2
13892,148,74,3
13893,148,75,2
13894,148,76,2
13895,148,77,4
13896,148,78,4
13897,148,79,4
13898,148,80,3
13899,148,81,2
13900,148,82,2
13901,148,83,4
13902,148,84,2
13903,148,85,2
13904,148,86,3
13905,148,87,2
13906,148,88,4
13907,148,89,3
13908,148,90,4
13909,148,91,3
13910,148,92,4
13911,148,93,4
13912,148,94,4
13913,149,1,3
13914,149,2,3
13915,149,3,3
13916,149,4,2
13917,149,5,2
13918,149,6,3
13919,149,7,2
13920,149,8,1
13921,149,9,2
13922,149,10,1
13923,149,11,2
13924,149,12,3
13925,149,13,1
13926,149,14,3
13927,149,15,3
13928,149,16,3
13929,149,17,1
13930,149,18,2
13931,149,19,1
13932,149,20,3
13933,149,21,3
13934,149,22,1
13935,149,23,3
13936,149,24,3
13937,149,25,3
13938,149,26,2
13939,149,27,3
13940,149,28,2
13941,149,29,3
13942,149,30,1
13943,149,31,2
13944,149,32,1
13945,149,33,3
13946,149,34,3
13947,149,35,4
13948,149,36,2
13949,149,37,4
13950,149,38,2
13951,149,39,3
13952,149,40,3
13953,149,41,2
13954,149,42,4
13955,149,43,4
13956,149,44,3
13957,149,45,2
13958,149,46,4
13959,149,47,2
13960,149,48,4
13961,149,49,2
13962,149,50,2
13963,149,51,4
13964,149,52,3
13965,149,53,4
13966,149,54,3
13967,149,55,4
13968,149,56,2
13969,149,57,3
13970,149,58,4
13971,149,59,2
13972,149,60,3
13973,149,61,2
13974,149,62,4
13975,149,63,4
13976,149,64,3
13977,149,65,2
13978,149,66,2
13979,149,67,2
13980,149,68,3
13981,149,69,2
13982,149,70,2
13983,149,71,4
13984,149,72,4
13985,149,73,2
13986,149,74,4
13987,149,75,2
13988,149,76,2
13989,149,77,4
13990,149,78,4
13991,149,79,4
13992,149,80,2
13993,149,81,4
13994,149,82,3
13995,149,83,4
13996,149,84,4
13997,149,85,4
13998,149,86,4
13999,149,87,4
14000,149,88,3
14001,149,89,2
14002,149,90,3
14003,149,91,2
14004,149,92,4
14005,149,93,2
14006,149,94,2
14007,150,1,2
14008,150,2,1
14009,150,3,1
14010,150,4,1
14011,150,5,2
14012,150,6,3
14013,150,7,1
14014,150,8,1
14015,150,9,3
14016,150,10,2
14017,150,11,1
14018,150,12,2
14019,150,13,1
14020,150,14,2
14021,150,15,1
14022,150,16,3
14023,150,17,2
14024,150,18,2
14025,150,19,3
14026,150,20,2
14027,150,21,2
14028,150,22,3
14029,150,23,3
14030,150,24,1
14031,150,25,1
14032,150,26,3
14033,150,27,3
14034,150,28,3
14035,150,29,3
14036,150,30,3
14037,150,31,1
14038,150,32,2
14039,150,33,2
14040,150,34,3
14041,150,35,2
14042,150,36,3
14043,150,37,4
14044,150,38,4
14045,150,39,2
14046,150,40,2
14047,150,41,2
14048,150,42,2
14049,150,43,4
14050,150,44,3
14051,150,45,3
14052,150,46,3
14053,150,47,2
14054,150,48,3
14055,150,49,4
14056,150,50,2
14057,150,51,2
14058,150,52,3
14059,150,53,3
14060,150,54,2
14061,150,55,4
14062,150,56,2
14063,150,57,3
14064,150,58,3
14065,150,59,4
14066,150,60,3
14067,150,61,3
14068,150,62,2
14069,150,63,4
14070,150,64,4
14071,150,65,2
14072,150,66,3
14073,150,67,2
14074,150,68,4
14075,150,69,4
14076,150,70,4
14077,150,71,4
14078,150,72,3
14079,150,73,4
14080,150,74,4
14081,150,75,4
14082,150,76,2
14083,150,77,2
14084,150,78,2
14085,150,79,4
14086,150,80,3
14087,150,81,3
14088,150,82,3
14089,150,83,2
14090,150,84,3
14091,150,85,4
14092,150,86,3
14093,150,87,2
14094,150,88,4
14095,150,89,2
14096,150,90,4
14097,150,91,3
14098,150,92,2
14099,150,93,4
14100,150,94,3
14101,151,1,1
14102,151,2,2
14103,151,3,2
14104,151,4,1
14105,151,5,1
14106,151,6,2
14107,151,7,3
14108,151,8,2
14109,151,9,3
14110,151,10,2
14111,151,11,3
14112,151,12,1
14113,151,13,3
14114,151,14,3
14115,151,15,3
14116,151,16,1
14117,151,17,3
14118,151,18,1
14119,151,19,3
14120,151,20,2
14121,151,21,2
14122,151,22,2
14123,151,23,3
14124,151,24,1
14125,151,25,3
14126,151,26,3
14127,151,27,1
14128,151,28,1
14129,151,29,3
14130,151,30,1
14131,151,31,2
14132,151,32,2
14133,151,33,4
14134,151,34,2
14135,151,35,3
14136,151,36,2
14137,151,37,2
14138,151,38,4
14139,151,39,2
14140,151,40,3
14141,151,41,3
14142,151,42,4
14143,151,43,4
14144,151,44,2
14145,151,45,2
14146,151,46,4
14147,151,47,4
14148,151,48,3
14149,151,49,2
14150,151,50,4
14151,151,51,4
14152,151,52,3
14153,151,53,3
14154,151,54,3
14155,151,55,4
14156,151,56,4
14157,151,57,4
14158,151,58,2
14159,151,59,3
14160,151,60,3
14161,151,61,4
14162,151,62,3
14163,151,63,4
14164,151,64,2
14165,151,65,4
14166,151,66,2
14167,151,67,4
14168,151,68,4
14169,151,69,2
14170,151,70,2
14171,151,71,2
14172,151,72,3
14173,151,73,3
14174,151,74,4
14175,151,75,2
14176,151,76,4
14177,151,77,3
14178,151,78,4
14179,151,79,4
14180,151,80,4
14181,151,81,2
14182,151,82,3
14183,151,83,3
14184,151,84,3
14185,151,85,3
14186,151,86,4
14187,151,87,2
14188,151,88,4
14189,151,89,4
14190,151,90,2
14191,151,91,4
14192,151,92,3
14193,151,93,2
14194,151,94,3
14195,152,1,3
14196,152,2,1
14197,152,3,2
14198,152,4,3
14199,152,5,1
14200,152,6,2
14201,152,7,2
14202,152,8,3
14203,152,9,1
14204,152,10,1
14205,152,11,2
14206,152,12,3
14207,152,13,3
14208,152,14,2
14209,152,15,3
14210,152,16,1
14211,152,17,3
14212,152,18,1
14213,152,19,1
14214,152,20,1
14215,152,21,3
14216,152,22,1
14217,152,23,3
14218,152,24,3
14219,152,25,1
14220,152,26,2
14221,152,27,2
14222,152,28,3
14223,152,29,1
14224,152,30,3
14225,152,31,1
14226,152,32,3
14227,152,33,3
14228,152,34,4
14229,152,35,3
14230,152,36,4
14231,152,37,3
14232,152,38,3
14233,152,39,3
14234,152,40,3
14235,152,41,4
14236,152,42,3
14237,152,43,4
14238,152,44,3
14239,152,45,3
14240,152,46,4
14241,152,47,2
14242,152,48,2
14243,152,49,2
14244,152,50,4
14245,152,51,2
14246,152,52,3
14247,152,53,2
14248,152,54,3
14249,152,55,3
14250,152,56,2
14251,152,57,4
14252,152,58,4
14253,152,59,4
14254,152,60,4
14255,152,61,3
14256,152,62,2
14257,152,63,3
14258,152,64,4
14259,152,65,2
14260,152,66,2
14261,152,67,2
14262,152,68,2
14263,152,69,3
14264,152,70,2
14265,152,71,3
14266,152,72,2
14267,152,73,2
14268,152,74,2
14269,152,75,4
14270,152,76,2
14271,152,77,4
14272,152,78,3
14273,152,79,2
14274,152,80,4
14275,152,81,2
14276,152,82,3
14277,152,83,3
14278,152,84,2
14279,152,85,2
14280,152,86,2
14281,152,87,4
14282,152,88,4
14283,152,89,3
14284,152,90,2
14285,152,91,4
14286,152,92,3
14287,152,93,3
14288,152,94,2
14289,153,1,3
14290,153,2,3
14291,153,3,2
14292,153,4,1
14293,153,5,3
14294,153,6,2
14295,153,7,1
14296,153,8,2
14297,153,9,2
14298,153,10,2
14299,153,11,3
14300,153,12,3
14301,153,13,3
14302,153,14,2
14303,153,15,1
14304,153,16,2
14305,153,17,3
14306,153,18,3
14307,153,19,3
14308,153,20,2
14309,153,21,3
14310,153,22,1
14311,153,23,3
14312,153,24,3
14313,153,25,3
14314,153,26,2
14315,153,27,3
14316,153,28,1
14317,153,29,1
14318,153,30,1
14319,153,31,1
14320,153,32,3
14321,153,33,4
14322,153,34,2
14323,153,35,4
14324,153,36,4
14325,153,37,3
14326,153,38,4
14327,153,39,4
14328,153,40,4
14329,153,41,3
14330,153,42,2
14331,153,43,2
14332,153,44,3
14333,153,45,3
14334,153,46,4
14335,153,47,2
14336,153,48,2
14337,153,49,2
14338,153,50,3
14339,153,51,2
14340,153,52,2
14341,153,53,4
14342,153,54,4
14343,153,55,2
14344,153,56,4
14345,153,57,3
14346,153,58,3
14347,153,59,3
14348,153,60,3
14349,153,61,2
14350,153,62,2
14351,153,63,3
14352,153,64,2
14353,153,65,4
14354,153,66,2
14355,153,67,3
14356,153,68,4
14357,153,69,3
14358,153,70,2
14359,153,71,3
14360,153,72,2
14361,153,73,2
14362,153,74,4
14363,153,75,4
14364,153,76,4
14365,153,77,4
14366,153,78,3
14367,153,79,4
14368,153,80,3
14369,153,81,3
14370,153,82,2
14371,153,83,2
14372,153,84,4
14373,153,85,2
14374,153,86,4
14375,153,87,2
14376,153,88,2
14377,153,89,3
14378,153,90,4
14379,153,91,2
14380,153,92,2
14381,153,93,3
14382,153,94,2
14383,154,1,3
14384,154,2,2
14385,154,3,2
14386,154,4,2
14387,154,5,2
14388,154,6,1
14389,154,7,3
14390,154,8,1
14391,154,9,3
14392,154,10,1
14393,154,11,3
14394,154,12,1
14395,154,13,2
14396,154,14,2
14397,154,15,3
14398,154,16,3
14399,154,17,3
14400,154,18,3
14401,154,19,2
14402,154,20,3
14403,154,21,2
14404,154,22,1
14405,154,23,2
14406,154,24,2
14407,154,25,1
14408,154,26,1
14409,154,27,3
14410,154,28,3
14411,154,29,2
14412,154,30,1
14413,154,31,3
14414,154,32,3
14415,154,33,4
14416,154,34,2
14417,154,35,2
14418,154,36,3
14419,154,37,4
14420,154,38,3
14421,154,39,2
14422,154,40,3
14423,154,41,4
14424,154,42,2
14425,154,43,3
14426,154,44,2
14427,154,45,2
14428,154,46,2
14429,154,47,3
14430,154,48,3
14431,154,49,2
14432,154,50,2
14433,154,51,4
14434,154,52,4
14435,154,53,2
14436,154,54,3
14437,154,55,3
14438,154,56,2
14439,154,57,3
14440,154,58,4
14441,154,59,2
14442,154,60,3
14443,154,61,4
14444,154,62,4
14445,154,63,2
14446,154,64,4
14447,154,65,3
14448,154,66,4
14449,154,67,4
14450,154,68,2
14451,154,69,3
14452,154,70,3
14453,154,71,2
14454,154,72,2
14455,154,73,3
14456,154,74,3
14457,154,75,3
14458,154,76,3
14459,154,77,3
14460,154,78,3
14461,154,79,4
14462,154,80,3
14463,154,81,4
14464,154,82,4
14465,154,83,2
14466,154,84,4
14467,154,85,3
14468,154,86,4
14469,154,87,3
14470,154,88,4
14471,154,89,2
14472,154,90,3
14473,154,91,2
14474,154,92,2
14475,154,93,4
14476,154,94,3
14477,155,1,2
14478,155,2,1
14479,155,3,2
14480,155,4,1
14481,155,5,1
14482,155,6,1
14483,155,7,3
14484,155,8,2
14485,155,9,3
14486,155,10,1
14487,155,11,3
14488,155,12,3
14489,155,13,1
14490,155,14,3
14491,155,15,2
14492,155,16,2
14493,155,17,2
14494,155,18,2
14495,155,19,2
14496,155,20,3
14497,155,21,1
14498,155,22,2
14499,155,23,1
14500,155,24,2
14501,155,25,3
14502,155,26,3
14503,155,27,2
14504,155,28,2
14505,155,29,1
14506,155,30,3
14507,155,31,3
14508,155,32,2
14509,155,33,3
14510,155,34,4
14511,155,35,3
14512,155,36,2
14513,155,37,2
14514,155,38,4
14515,155,39,3
14516,155,40,2
14517,155,41,3
14518,155,42,2
14519,155,43,4
14520,155,44,4
14521,155,45,4
14522,155,46,3
14523,155,47,4
14524,155,48,2
14525,155,49,3
14526,155,50,2
14527,155,51,3
14528,155,52,3
14529,155,53,3
14530,155,54,2
14531,155,55,4
14532,155,56,2
14533,155,57,3
14534,155,58,3
14535,155,59,4
14536,155,60,3
14537,155,61,3
14538,155,62,4
14539,155,63,3
14540,155,64,4
14541,155,65,2
14542,155,66,2
14543,155,67,3
14544,155,68,2
14545,155,69,4
14546,155,70,4
14547,155,71,3
14548,155,72,3
14549,155,73,3
14550,155,74,2
14551,155,75,4
14552,155,76,3
14553,155,77,3
14554,155,78,4
14555,155,79,3
14556,155,80,3
14557,155,81,2
14558,155,82,3
14559,155,83,2
14560,155,84,2
14561,155,85,2
14562,155,86,2
14563,155,87,3
14564,155,88,2
14565,155,89,2
14566,155,90,2
14567,155,91,3
14568,155,92,3
14569,155,93,4
14570,155,94,2
14571,156,1,1
14572,156,2,1
14573,156,3,2
14574,156,4,3
14575,156,5,3
14576,156,6,1
14577,156,7,1
14578,156,8,3
14579,156,9,3
14580,156,10,3
14581,156,11,1
14582,156,12,2
14583,156,13,3
14584,156,14,3
14585,156,15,1
14586,156,16,3
14587,156,17,1
14588,156,18,3
14589,156,19,3
14590,156,20,3
14591,156,21,3
14592,156,22,3
14593,156,23,1
14594,156,24,1
14595,156,25,3
14596,156,26,2
14597,156,27,3
14598,156,28,2
14599,156,29,1
14600,156,30,3
14601,156,31,2
14602,156,32,3
14603,156,33,4
14604,156,34,3
14605,156,35,4
14606,156,36,3
14607,156,37,3
14608,156,38,3
14609,156,39,4
14610,156,40,2
14611,156,41,4
14612,156,42,4
14613,156,43,2
14614,156,44,4
14615,156,45,2
14616,156,46,2
14617,156,47,3
14618,156,48,2
14619,156,49,4
14620,156,50,2
14621,156,51,2
14622,156,52,2
14623,156,53,4
14624,156,54,3
14625,156,55,4
14626,156,56,3
14627,156,57,4
14628,156,58,4
14629,156,59,2
14630,156,60,4
14631,156,61,2
14632,156,62,4
14633,156,63,3
14634,156,64,2
14635,156,65,3
14636,156,66,4
14637,156,67,4
14638,156,68,2
14639,156,69,4
14640,156,70,2
14641,156,71,4
14642,156,72,2
14643,156,73,3
14644,156,74,4
14645,156,75,3
14646,156,76,2
14647,156,77,2
14648,156,78,3
14649,156,79,2
14650,156,80,3
14651,156,81,3
14652,156,82,3
14653,156,83,4
14654,156,84,2
14655,156,85,2
14656,156,86,4
14657,156,87,3
14658,156,88,2
14659,156,89,3
14660,156,90,3
14661,156,91,4
14662,156,92,4
14663,156,93,4
14664,156,94,4
14665,157,1,2
14666,157,2,1
14667,157,3,2
14668,157,4,1
14669,157,5,1
14670,157,6,3
14671,157,7,1
14672,157,8,3
14673,157,9,1
14674,157,10,1
14675,157,11,1
14676,157,12,1
14677,157,13,3
14678,157,14,2
14679,157,15,2
14680,157,16,2
14681,157,17,1
14682,157,18,3
14683,157,19,2
14684,157,20,2
14685,157,21,3
14686,157,22,2
14687,157,23,2
14688,157,24,1
14689,157,25,1
14690,157,26,3
14691,157,27,2
14692,157,28,2
14693,157,29,2
14694,157,30,1
14695,157,31,2
14696,157,32,1
14697,157,33,2
14698,157,34,3
14699,157,35,3
14700,157,36,3
14701,157,37,3
14702,157,38,3
14703,157,39,4
14704,157,40,2
14705,157,41,3
14706,157,42,2
14707,157,43,4
14708,157,44,4
14709,157,45,2
14710,157,46,4
14711,157,47,4
14712,157,48,2
14713,157,49,2
14714,157,50,4
14715,157,51,2
14716,157,52,4
14717,157,53,2
14718,157,54,4
14719,157,55,3
14720,157,56,4
14721,157,57,2
14722,157,58,4
14723,157,59,2
14724,157,60,3
14725,157,61,3
14726,157,62,2
14727,157,63,3
14728,157,64,3
14729,157,65,2
14730,157,66,2
14731,157,67,2
14732,157,68,2
14733,157,69,4
14734,157,70,2
14735,157,71,4
14736,157,72,2
14737,157,73,3
14738,157,74,2
14739,157,75,2
14740,157,76,2
14741,157,77,2
14742,157,78,3
14743,157,79,2
14744,157,80,4
14745,157,81,2
14746,157,82,4
14747,157,83,4
14748,157,84,4
14749,157,85,2
14750,157,86,4
14751,157,87,3
14752,157,88,4
14753,157,89,2
14754,157,90,4
14755,157,91,3
14756,157,92,4
14757,157,93,2
14758,157,94,3
14759,158,1,1
14760,158,2,2
14761,158,3,2
14762,158,4,3
14763,158,5,2
14764,158,6,1
14765,158,7,3
14766,158,8,3
14767,158,9,2
14768,158,10,3
14769,158,11,3
14770,158,12,1
14771,158,13,2
14772,158,14,1
14773,158,15,1
14774,158,16,3
14775,158,17,1
14776,158,18,2
14777,158,19,1
14778,158,20,1
14779,158,21,2
14780,158,22,1
14781,158,23,1
14782,158,24,3
14783,158,25,3
14784,158,26,3
14785,158,27,3
14786,158,28,2
14787,158,29,2
14788,158,30,2
14789,158,31,2
14790,158,32,2
14791,158,33,4
14792,158,34,4
14793,158,35,2
14794,158,36,2
14795,158,37,2
14796,158,38,2
14797,158,39,4
14798,158,40,2
14799,158,41,2
14800,158,42,3
14801,158,43,2
14802,158,44,3
14803,158,45,3
14804,158,46,3
14805,158,47,2
14806,158,48,4
14807,158,49,3
14808,158,50,2
14809,158,51,2
14810,158,52,3
14811,158,53,4
14812,158,54,2
14813,158,55,2
14814,158,56,4
14815,158,57,3
14816,158,58,4
14817,158,59,2
14818,158,60,4
14819,158,61,2
14820,158,62,3
14821,158,63,4
14822,158,64,4
14823,158,65,2
14824,158,66,4
14825,158,67,3
14826,158,68,3
14827,158,69,3
14828,158,70,3
14829,158,71,4
14830,158,72,2
14831,158,73,3
14832,158,74,2
14833,158,75,2
14834,158,76,2
14835,158,77,2
14836,158,78,3
14837,158,79,4
14838,158,80,4
14839,158,81,3
14840,158,82,2
14841,158,83,2
14842,158,84,4
14843,158,85,2
14844,158,86,2
14845,158,87,2
14846,158,88,3
14847,158,89,2
14848,158,90,3
14849,158,91,3
14850,158,92,3
14851,158,93,2
14852,158,94,2
14853,159,1,1
14854,159,2,3
14855,159,3,2
14856,159,4,1
14857,159,5,3
14858,159,6,2
14859,159,7,2
14860,159,8,2
14861,159,9,3
14862,159,10,2
14863,159,11,2
14864,159,12,2
14865,159,13,2
14866,159,14,1
14867,159,15,3
14868,159,16,1
14869,159,17,2
14870,159,18,3
14871,159,19,2
14872,159,20,3
14873,159,21,3
14874,159,22,2
14875,159,23,2
14876,159,24,2
14877,159,25,3
14878,159,26,2
14879,159,27,3
14880,159,28,2
14881,159,29,1
14882,159,30,1
14883,159,31,3
14884,159,32,2
14885,159,33,4
14886,159,34,2
14887,159,35,4
14888,159,36,2
14889,159,37,3
14890,159,38,3
14891,159,39,4
14892,159,40,4
14893,159,41,4
14894,159,42,3
14895,159,43,2
14896,159,44,4
14897,159,45,4
14898,159,46,2
14899,159,47,2
14900,159,48,4
14901,159,49,3
14902,159,50,3
14903,159,51,4
14904,159,52,2
14905,159,53,3
14906,159,54,2
14907,159,55,4
14908,159,56,2
14909,159,57,3
14910,159,58,4
14911,159,59,4
14912,159,60,3
14913,159,61,4
14914,159,62,3
14915,159,63,3
14916,159,64,4
14917,159,65,2
14918,159,66,3
14919,159,67,3
14920,159,68,3
14921,159,69,3
14922,159,70,2
14923,159,71,4
14924,159,72,3
14925,159,73,2
14926,159,74,3
14927,159,75,3
14928,159,76,4
14929,159,77,4
14930,159,78,4
14931,159,79,3
14932,159,80,2
14933,159,81,4
14934,159,82,2
14935,159,83,4
14936,159,84,2
14937,159,85,4
14938,159,86,2
14939,159,87,2
14940,159,88,4
14941,159,89,4
14942,159,90,3
14943,159,91,4
14944,159,92,2
14945,159,93,4
14946,159,94,4
14947,160,1,2
14948,160,2,3
14949,160,3,2
14950,160,4,2
14951,160,5,3
14952,160,6,1
14953,160,7,2
14954,160,8,2
14955,160,9,3
14956,160,10,1
14957,160,11,1
14958,160,12,3
14959,160,13,2
14960,160,14,2
14961,160,15,3
14962,160,16,3
14963,160,17,1
14964,160,18,3
14965,160,19,2
14966,160,20,1
14967,160,21,2
14968,160,22,1
14969,160,23,2
14970,160,24,1
14971,160,25,1
14972,160,26,1
14973,160,27,2
14974,160,28,2
14975,160,29,2
14976,160,30,3
14977,160,31,2
14978,160,32,2
14979,160,33,3
14980,160,34,4
14981,160,35,4
14982,160,36,3
14983,160,37,4
14984,160,38,3
14985,160,39,4
14986,160,40,2
14987,160,41,3
14988,160,42,2
14989,160,43,2
14990,160,44,3
14991,160,45,2
14992,160,46,3
14993,160,47,2
14994,160,48,3
14995,160,49,2
14996,160,50,2
14997,160,51,3
14998,160,52,2
14999,160,53,2
15000,160,54,3
15001,160,55,4
15002,160,56,3
15003,160,57,4
15004,160,58,3
15005,160,59,4
15006,160,60,3
15007,160,61,4
15008,160,62,2
15009,160,63,2
15010,160,64,3
15011,160,65,2
15012,160,66,2
15013,160,67,2
15014,160,68,2
15015,160,69,3
15016,160,70,3
15017,160,71,2
15018,160,72,4
15019,160,73,2
15020,160,74,2
15021,160,75,2
15022,160,76,4
15023,160,77,2
15024,160,78,3
15025,160,79,4
15026,160,80,4
15027,160,81,4
15028,160,82,2
15029,160,83,2
15030,160,84,2
15031,160,85,4
15032,160,86,3
15033,160,87,4
15034,160,88,4
15035,160,89,4
15036,160,90,4
15037,160,91,4
15038,160,92,3
15039,160,93,4
15040,160,94,4
15041,161,1,3
15042,161,2,2
15043,161,3,1
15044,161,4,2
15045,161,5,2
15046,161,6,2
15047,161,7,1
15048,161,8,1
15049,161,9,3
15050,161,10,1
15051,161,11,3
15052,161,12,2
15053,161,13,2
15054,161,14,2
15055,161,15,3
15056,161,16,3
15057,161,17,2
15058,161,18,1
15059,161,19,3
15060,161,20,3
15061,161,21,1
15062,161,22,3
15063,161,23,1
15064,161,24,2
15065,161,25,3
15066,161,26,2
15067,161,27,1
15068,161,28,2
15069,161,29,2
15070,161,30,2
15071,161,31,3
15072,161,32,2
15073,161,33,4
15074,161,34,4
15075,161,35,3
15076,161,36,2
15077,161,37,3
15078,161,38,3
15079,161,39,2
15080,161,40,3
15081,161,41,2
15082,161,42,2
15083,161,43,4
15084,161,44,4
15085,161,45,3
15086,161,46,3
15087,161,47,4
15088,161,48,3
15089,161,49,2
15090,161,50,4
15091,161,51,4
15092,161,52,2
15093,161,53,3
15094,161,54,2
15095,161,55,4
15096,161,56,2
15097,161,57,3
15098,161,58,2
15099,161,59,2
15100,161,60,4
15101,161,61,4
15102,161,62,3
15103,161,63,4
15104,161,64,2
15105,161,65,4
15106,161,66,3
15107,161,67,4
15108,161,68,4
15109,161,69,4
15110,161,70,4
15111,161,71,4
15112,161,72,4
15113,161,73,2
15114,161,74,2
15115,161,75,4
15116,161,76,3
15117,161,77,3
15118,161,78,4
15119,161,79,4
15120,161,80,3
15121,161,81,3
15122,161,82,2
15123,161,83,2
15124,161,84,2
15125,161,85,2
15126,161,86,4
15127,161,87,4
15128,161,88,3
15129,161,89,3
15130,161,90,3
15131,161,91,3
15132,161,92,3
15133,161,93,4
15134,161,94,3
15135,162,1,3
15136,162,2,3
15137,162,3,1
15138,162,4,2
15139,162,5,1
15140,162,6,3
15141,162,7,1
15142,162,8,1
15143,162,9,2
15144,162,10,1
15145,162,11,3
15146,162,12,3
15147,162,13,3
15148,162,14,1
15149,162,15,1
15150,162,16,1
15151,162,17,1
15152,162,18,1
15153,162,19,2
15154,162,20,2
15155,162,21,2
15156,162,22,2
15157,162,23,2
15158,162,24,2
15159,162,25,1
15160,162,26,2
15161,162,27,3
15162,162,28,1
15163,162,29,2
15164,162,30,1
15165,162,31,3
15166,162,32,1
15167,162,33,3
15168,162,34,2
15169,162,35,4
15170,162,36,3
15171,162,37,3
15172,162,38,3
15173,162,39,4
15174,162,40,4
15175,162,41,3
15176,162,42,3
15177,162,43,2
15178,162,44,4
15179,162,45,2
15180,162,46,2
15181,162,47,4
15182,162,48,2
15183,162,49,4
15184,162,50,2
15185,162,51,4
15186,162,52,2
15187,162,53,4
15188,162,54,2
15189,162,55,2
15190,162,56,2
15191,162,57,4
15192,162,58,3
15193,162,59,4
15194,162,60,2
15195,162,61,3
15196,162,62,4
15197,162,63,2
15198,162,64,4
15199,162,65,3
15200,162,66,3
15201,162,67,2
15202,162,68,4
15203,162,69,3
15204,162,70,4
15205,162,71,3
15206,162,72,2
15207,162,73,3
15208,162,74,2
15209,162,75,3
15210,162,76,4
15211,162,77,3
15212,162,78,3
15213,162,79,2
15214,162,80,2
15215,162,81,4
15216,162,82,3
15217,162,83,2
15218,162,84,4
15219,162,85,4
15220,162,86,4
15221,162,87,2
15222,162,88,4
15223,162,89,3
15224,162,90,2
15225,162,91,4
15226,162,92,4
15227,162,93,3
15228,162,94,4
15229,163,1,2
15230,163,2,3
15231,163,3,1
15232,163,4,3
15233,163,5,2
15234,163,6,3
15235,163,7,1
15236,163,8,1
15237,163,9,3
15238,163,10,2
15239,163,11,2
15240,163,12,3
15241,163,13,3
15242,163,14,2
15243,163,15,2
15244,163,16,3
15245,163,17,1
15246,163,18,1
15247,163,19,2
15248,163,20,1
15249,163,21,3
15250,163,22,1
15251,163,23,3
15252,163,24,1
15253,163,25,2
15254,163,26,1
15255,163,27,1
15256,163,28,1
15257,163,29,2
15258,163,30,3
15259,163,31,2
15260,163,32,1
15261,163,33,3
15262,163,34,2
15263,163,35,2
15264,163,36,3
15265,163,37,2
15266,163,38,2
15267,163,39,3
15268,163,40,3
15269,163,41,4
15270,163,42,2
15271,163,43,3
15272,163,44,3
15273,163,45,3
15274,163,46,4
15275,163,47,3
15276,163,48,2
15277,163,49,2
15278,163,50,3
15279,163,51,3
15280,163,52,2
15281,163,53,4
15282,163,54,2
15283,163,55,4
15284,163,56,4
15285,163,57,2
15286,163,58,4
15287,163,59,2
15288,163,60,3
15289,163,61,2
15290,163,62,2
15291,163,63,2
15292,163,64,2
15293,163,65,4
15294,163,66,4
15295,163,67,3
15296,163,68,2
15297,163,69,2
15298,163,70,2
15299,163,71,2
15300,163,72,4
15301,163,73,2
15302,163,74,4
15303,163,75,2
15304,163,76,2
15305,163,77,3
15306,163,78,3
15307,163,79,2
15308,163,80,2
15309,163,81,3
15310,163,82,2
15311,163,83,2
15312,163,84,3
15313,163,85,3
15314,163,86,3
15315,163,87,2
15316,163,88,2
15317,163,89,4
15318,163,90,3
15319,163,91,3
15320,163,92,4
15321,163,93,2
15322,163,94,2
15323,164,1,2
15324,164,2,2
15325,164,3,2
15326,164,4,1
15327,164,5,2
15328,164,6,1
15329,164,7,3
15330,164,8,2
15331,164,9,2
15332,164,10,1
15333,164,11,3
15334,164,12,2
15335,164,13,1
15336,164,14,3
15337,164,15,1
15338,164,16,2
15339,164,17,3
15340,164,18,1
15341,164,19,3
15342,164,20,2
15343,164,21,2
15344,164,22,3
15345,164,23,3
15346,164,24,2
15347,164,25,3
15348,164,26,1
15349,164,27,2
15350,164,28,2
15351,164,29,3
15352,164,30,2
15353,164,31,2
15354,164,32,3
15355,164,33,3
15356,164,34,4
15357,164,35,3
15358,164,36,4
15359,164,37,4
15360,164,38,4
15361,164,39,4
15362,164,40,4
15363,164,41,2
15364,164,42,4
15365,164,43,4
15366,164,44,4
15367,164,45,4
15368,164,46,2
15369,164,47,2
15370,164,48,4
15371,164,49,3
15372,164,50,3
15373,164,51,2
15374,164,52,4
15375,164,53,4
15376,164,54,3
15377,164,55,3
15378,164,56,2
15379,164,57,3
15380,164,58,3
15381,164,59,4
15382,164,60,2
15383,164,61,2
15384,164,62,2
15385,164,63,2
15386,164,64,3
15387,164,65,2
15388,164,66,3
15389,164,67,2
15390,164,68,2
15391,164,69,4
15392,164,70,2
15393,164,71,4
15394,164,72,4
15395,164,73,2
15396,164,74,2
15397,164,75,2
15398,164,76,3
15399,164,77,2
15400,164,78,3
15401,164,79,3
15402,164,80,2
15403,164,81,2
15404,164,82,3
15405,164,83,2
15406,164,84,4
15407,164,85,2
15408,164,86,3
15409,164,87,2
15410,164,88,4
15411,164,89,4
15412,164,90,2
15413,164,91,2
15414,164,92,2
15415,164,93,4
15416,164,94,2
15417,165,1,2
15418,165,2,1
15419,165,3,1
15420,165,4,1
15421,165,5,1
15422,165,6,1
15423,165,7,1
15424,165,8,2
15425,165,9,1
15426,165,10,2
15427,165,11,2
15428,165,12,1
15429,165,13,1
15430,165,14,1
15431,165,15,2
15432,165,16,1
15433,165,17,2
15434,165,18,3
15435,165,19,2
15436,165,20,3
15437,165,21,1
15438,165,22,3
15439,165,23,1
15440,165,24,2
15441,165,25,1
15442,165,26,1
15443,165,27,2
15444,165,28,2
15445,165,29,3
15446,165,30,3
15447,165,31,2
15448,165,32,3
15449,165,33,4
15450,165,34,2
15451,165,35,2
15452,165,36,4
15453,165,37,4
15454,165,38,4
15455,165,39,4
15456,165,40,3
15457,165,41,3
15458,165,42,4
15459,165,43,4
15460,165,44,3
15461,165,45,4
15462,165,46,3
15463,165,47,4
15464,165,48,2
15465,165,49,2
15466,165,50,4
15467,165,51,3
15468,165,52,3
15469,165,53,4
15470,165,54,2
15471,165,55,4
15472,165,56,3
15473,165,57,2
15474,165,58,3
15475,165,59,2
15476,165,60,2
15477,165,61,3
15478,165,62,2
15479,165,63,4
15480,165,64,4
15481,165,65,2
15482,165,66,2
15483,165,67,4
15484,165,68,3
15485,165,69,2
15486,165,70,2
15487,165,71,2
15488,165,72,4
15489,165,73,2
15490,165,74,2
15491,165,75,3
15492,165,76,4
15493,165,77,2
15494,165,78,4
15495,165,79,4
15496,165,80,2
15497,165,81,3
15498,165,82,3
15499,165,83,4
15500,165,84,3
15501,165,85,4
15502,165,86,3
15503,165,87,2
15504,165,88,3
15505,165,89,2
15506,165,90,2
15507,165,91,3
15508,165,92,3
15509,165,93,2
15510,165,94,3
15511,166,1,2
15512,166,2,3
15513,166,3,3
15514,166,4,2
15515,166,5,1
15516,166,6,3
15517,166,7,3
15518,166,8,3
15519,166,9,1
15520,166,10,1
15521,166,11,2
15522,166,12,3
15523,166,13,1
15524,166,14,2
15525,166,15,3
15526,166,16,1
15527,166,17,1
15528,166,18,3
15529,166,19,2
15530,166,20,2
15531,166,21,2
15532,166,22,1
15533,166,23,2
15534,166,24,3
15535,166,25,1
15536,166,26,1
15537,166,27,1
15538,166,28,1
15539,166,29,1
15540,166,30,3
15541,166,31,1
15542,166,32,3
15543,166,33,4
15544,166,34,2
15545,166,35,2
15546,166,36,3
15547,166,37,3
15548,166,38,3
15549,166,39,4
15550,166,40,2
15551,166,41,4
15552,166,42,2
15553,166,43,3
15554,166,44,3
15555,166,45,4
15556,166,46,3
15557,166,47,3
15558,166,48,4
15559,166,49,4
15560,166,50,4
15561,166,51,2
15562,166,52,2
15563,166,53,2
15564,166,54,4
15565,166,55,3
15566,166,56,2
15567,166,57,4
15568,166,58,2
15569,166,59,4
15570,166,60,2
15571,166,61,3
15572,166,62,3
15573,166,63,2
15574,166,64,2
15575,166,65,3
15576,166,66,4
15577,166,67,4
15578,166,68,2
15579,166,69,4
15580,166,70,3
15581,166,71,4
15582,166,72,4
15583,166,73,3
15584,166,74,2
15585,166,75,3
15586,166,76,3
15587,166,77,4
15588,166,78,3
15589,166,79,3
15590,166,80,4
15591,166,81,4
15592,166,82,4
15593,166,83,2
15594,166,84,3
15595,166,85,4
15596,166,86,4
15597,166,87,4
15598,166,88,2
15599,166,89,3
15600,166,90,3
15601,166,91,4
15602,166,92,4
15603,166,93,2
15604,166,94,2
15605,167,1,1
15606,167,2,3
15607,167,3,3
15608,167,4,1
15609,167,5,1
15610,167,6,2
15611,167,7,3
15612,167,8,2
15613,167,9,1
15614,167,10,3
15615,167,11,2
15616,167,12,3
15617,167,13,2
15618,167,14,3
15619,167,15,1
15620,167,16,3
15621,167,17,3
15622,167,18,1
15623,167,19,1
15624,167,20,2
15625,167,21,2
15626,167,22,3
15627,167,23,3
15628,167,24,2
15629,167,25,1
15630,167,26,3
15631,167,27,1
15632,167,28,1
15633,167,29,1
15634,167,30,1
15635,167,31,2
15636,167,32,2
15637,167,33,4
15638,167,34,3
15639,167,35,4
15640,167,36,4
15641,167,37,2
15642,167,38,2
15643,167,39,3
15644,167,40,4
15645,167,41,2
15646,167,42,2
15647,167,43,3
15648,167,44,3
15649,167,45,3
15650,167,46,4
15651,167,47,4
15652,167,48,2
15653,167,49,2
15654,167,50,4
15655,167,51,3
15656,167,52,2
15657,167,53,2
15658,167,54,4
15659,167,55,2
15660,167,56,3
15661,167,57,2
15662,167,58,2
15663,167,59,2
15664,167,60,3
15665,167,61,2
15666,167,62,4
15667,167,63,4
15668,167,64,2
15669,167,65,3
15670,167,66,3
15671,167,67,4
15672,167,68,2
15673,167,69,3
15674,167,70,2
15675,167,71,3
15676,167,72,2
15677,167,73,3
15678,167,74,3
15679,167,75,4
15680,167,76,4
15681,167,77,3
15682,167,78,4
15683,167,79,3
15684,167,80,2
15685,167,81,2
15686,167,82,3
15687,167,83,3
15688,167,84,2
15689,167,85,2
15690,167,86,4
15691,167,87,4
15692,167,88,2
15693,167,89,2
15694,167,90,3
15695,167,91,2
15696,167,92,3
15697,167,93,3
15698,167,94,3
15699,168,1,3
15700,168,2,1
15701,168,3,2
15702,168,4,3
15703,168,5,1
15704,168,6,3
15705,168,7,3
15706,168,8,2
15707,168,9,2
15708,168,10,3
15709,168,11,3
15710,168,12,1
15711,168,13,3
15712,168,14,2
15713,168,15,3
15714,168,16,1
15715,168,17,2
15716,168,18,1
15717,168,19,3
15718,168,20,1
15719,168,21,1
15720,168,22,1
15721,168,23,2
15722,168,24,1
15723,168,25,3
15724,168,26,3
15725,168,27,2
15726,168,28,1
15727,168,29,1
15728,168,30,1
15729,168,31,1
15730,168,32,1
15731,168,33,2
15732,168,34,3
15733,168,35,4
15734,168,36,3
15735,168,37,2
15736,168,38,3
15737,168,39,4
15738,168,40,3
15739,168,41,2
15740,168,42,2
15741,168,43,2
15742,168,44,2
15743,168,45,3
15744,168,46,4
15745,168,47,2
15746,168,48,4
15747,168,49,3
15748,168,50,3
15749,168,51,3
15750,168,52,2
15751,168,53,3
15752,168,54,2
15753,168,55,2
15754,168,56,3
15755,168,57,4
15756,168,58,3
15757,168,59,2
15758,168,60,4
15759,168,61,4
15760,168,62,3
15761,168,63,3
15762,168,64,4
15763,168,65,3
15764,168,66,4
15765,168,67,4
15766,168,68,4
15767,168,69,2
15768,168,70,3
15769,168,71,3
15770,168,72,4
15771,168,73,2
15772,168,74,4
15773,168,75,4
15774,168,76,2
15775,168,77,2
15776,168,78,3
15777,168,79,2
15778,168,80,3
15779,168,81,3
15780,168,82,3
15781,168,83,2
15782,168,84,3
15783,168,85,3
15784,168,86,4
15785,168,87,2
15786,168,88,3
15787,168,89,2
15788,168,90,4
15789,168,91,4
15790,168,92,4
15791,168,93,3
15792,168,94,4
15793,169,1,1
15794,169,2,3
15795,169,3,2
15796,169,4,3
15797,169,5,3
15798,169,6,2
15799,169,7,1
15800,169,8,2
15801,169,9,3
15802,169,10,3
15803,169,11,3
15804,169,12,2
15805,169,13,1
15806,169,14,1
15807,169,15,1
15808,169,16,2
15809,169,17,3
15810,169,18,3
15811,169,19,2
15812,169,20,2
15813,169,21,1
15814,169,22,3
15815,169,23,2
15816,169,24,2
15817,169,25,1
15818,169,26,3
15819,169,27,3
15820,169,28,3
15821,169,29,1
15822,169,30,3
15823,169,31,3
15824,169,32,3
15825,169,33,3
15826,169,34,3
15827,169,35,4
15828,169,36,3
15829,169,37,2
15830,169,38,3
15831,169,39,4
15832,169,40,3
15833,169,41,2
15834,169,42,3
15835,169,43,2
15836,169,44,3
15837,169,45,4
15838,169,46,3
15839,169,47,3
15840,169,48,3
15841,169,49,2
15842,169,50,3
15843,169,51,4
15844,169,52,2
15845,169,53,3
15846,169,54,2
15847,169,55,2
15848,169,56,2
15849,169,57,2
15850,169,58,3
15851,169,59,3
15852,169,60,3
15853,169,61,3
15854,169,62,3
15855,169,63,2
15856,169,64,3
15857,169,65,2
15858,169,66,4
15859,169,67,3
15860,169,68,3
15861,169,69,3
15862,169,70,4
15863,169,71,3
15864,169,72,2
15865,169,73,3
15866,169,74,4
15867,169,75,3
15868,169,76,2
15869,169,77,3
15870,169,78,4
15871,169,79,2
15872,169,80,3
15873,169,81,2
15874,169,82,3
15875,169,83,4
15876,169,84,4
15877,169,85,3
15878,169,86,3
15879,169,87,4
15880,169,88,2
15881,169,89,2
15882,169,90,3
15883,169,91,2
15884,169,92,3
15885,169,93,4
15886,169,94,3
15887,170,1,3
15888,170,2,2
15889,170,3,3
15890,170,4,3
15891,170,5,3
15892,170,6,3
15893,170,7,1
15894,170,8,3
15895,170,9,2
15896,170,10,1
15897,170,11,3
15898,170,12,3
15899,170,13,3
15900,170,14,1
15901,170,15,2
15902,170,16,1
15903,170,17,3
15904,170,18,3
15905,170,19,3
15906,170,20,2
15907,170,21,2
15908,170,22,2
15909,170,23,2
15910,170,24,1
15911,170,25,3
15912,170,26,1
15913,170,27,2
15914,170,28,2
15915,170,29,1
15916,170,30,1
15917,170,31,3
15918,170,32,2
15919,170,33,2
15920,170,34,4
15921,170,35,4
15922,170,36,2
15923,170,37,4
15924,170,38,2
15925,170,39,3
15926,170,40,3
15927,170,41,3
15928,170,42,3
15929,170,43,2
15930,170,44,3
15931,170,45,3
15932,170,46,2
15933,170,47,3
15934,170,48,4
15935,170,49,2
15936,170,50,2
15937,170,51,4
15938,170,52,3
15939,170,53,4
15940,170,54,3
15941,170,55,2
15942,170,56,3
15943,170,57,4
15944,170,58,4
15945,170,59,3
15946,170,60,4
15947,170,61,2
15948,170,62,2
15949,170,63,2
15950,170,64,3
15951,170,65,4
15952,170,66,2
15953,170,67,3
15954,170,68,2
15955,170,69,4
15956,170,70,2
15957,170,71,2
15958,170,72,3
15959,170,73,3
15960,170,74,3
15961,170,75,3
15962,170,76,3
15963,170,77,4
15964,170,78,4
15965,170,79,3
15966,170,80,4
15967,170,81,3
15968,170,82,2
15969,170,83,3
15970,170,84,4
15971,170,85,2
15972,170,86,4
15973,170,87,4
15974,170,88,3
15975,170,89,3
15976,170,90,3
15977,170,91,3
15978,170,92,2
15979,170,93,3
15980,170,94,2
15981,171,1,1
15982,171,2,1
15983,171,3,3
15984,171,4,1
15985,171,5,2
15986,171,6,2
15987,171,7,2
15988,171,8,2
15989,171,9,3
15990,171,10,3
15991,171,11,2
15992,171,12,2
15993,171,13,1
15994,171,14,1
15995,171,15,2
15996,171,16,1
15997,171,17,3
15998,171,18,2
15999,171,19,1
16000,171,20,1
16001,171,21,2
16002,171,22,2
16003,171,23,3
16004,171,24,3
16005,171,25,3
16006,171,26,1
16007,171,27,1
16008,171,28,1
16009,171,29,3
16010,171,30,1
16011,171,31,2
16012,171,32,2
16013,171,33,3
16014,171,34,3
16015,171,35,3
16016,171,36,2
16017,171,37,3
16018,171,38,3
16019,171,39,2
16020,171,40,4
16021,171,41,2
16022,171,42,2
16023,171,43,2
16024,171,44,3
16025,171,45,4
16026,171,46,4
16027,171,47,3
16028,171,48,2
16029,171,49,3
16030,171,50,3
16031,171,51,3
16032,171,52,4
16033,171,53,3
16034,171,54,3
16035,171,55,3
16036,171,56,2
16037,171,57,3
16038,171,58,2
16039,171,59,2
16040,171,60,3
16041,171,61,2
16042,171,62,2
16043,171,63,3
16044,171,64,2
16045,171,65,4
16046,171,66,4
16047,171,67,3
16048,171,68,2
16049,171,69,2
16050,171,70,4
16051,171,71,2
16052,171,72,4
16053,171,73,3
16054,171,74,3
16055,171,75,4
16056,171,76,2
16057,171,77,4
16058,171,78,2
16059,171,79,4
16060,171,80,2
16061,171,81,4
16062,171,82,3
16063,171,83,2
16064,171,84,3
16065,171,85,4
16066,171,86,4
16067,171,87,3
16068,171,88,3
16069,171,89,4
16070,171,90,3
16071,171,91,2
16072,171,92,3
16073,171,93,4
16074,171,94,3
16075,172,1,3
16076,172,2,2
16077,172,3,3
16078,172,4,1
16079,172,5,1
16080,172,6,3
16081,172,7,1
16082,172,8,1
16083,172,9,2
16084,172,10,3
16085,172,11,1
16086,172,12,1
16087,172,13,3
16088,172,14,3
16089,172,15,1
16090,172,16,1
16091,172,17,2
16092,172,18,1
16093,172,19,2
16094,172,20,1
16095,172,21,3
16096,172,22,3
16097,172,23,1
16098,172,24,1
16099,172,25,2
16100,172,26,2
16101,172,27,2
16102,172,28,3
16103,172,29,3
16104,172,30,2
16105,172,31,1
16106,172,32,2
16107,172,33,2
16108,172,34,4
16109,172,35,4
16110,172,36,4
16111,172,37,3
16112,172,38,2
16113,172,39,4
16114,172,40,3
16115,172,41,2
16116,172,42,4
16117,172,43,3
16118,172,44,3
16119,172,45,4
16120,172,46,4
16121,172,47,3
16122,172,48,4
16123,172,49,2
16124,172,50,4
16125,172,51,3
16126,172,52,3
16127,172,53,4
16128,172,54,2
16129,172,55,2
16130,172,56,4
16131,172,57,3
16132,172,58,2
16133,172,59,2
16134,172,60,2
16135,172,61,2
16136,172,62,4
16137,172,63,4
16138,172,64,4
16139,172,65,4
16140,172,66,3
16141,172,67,2
16142,172,68,4
16143,172,69,2
16144,172,70,3
16145,172,71,4
16146,172,72,4
16147,172,73,2
16148,172,74,4
16149,172,75,3
16150,172,76,3
16151,172,77,2
16152,172,78,3
16153,172,79,4
16154,172,80,4
16155,172,81,3
16156,172,82,3
16157,172,83,2
16158,172,84,2
16159,172,85,2
16160,172,86,3
16161,172,87,3
16162,172,88,2
16163,172,89,3
16164,172,90,3
16165,172,91,3
16166,172,92,4
16167,172,93,4
16168,172,94,3
16169,173,1,2
16170,173,2,1
16171,173,3,2
16172,173,4,2
16173,173,5,3
16174,173,6,3
16175,173,7,3
16176,173,8,2
16177,173,9,2
16178,173,10,2
16179,173,11,1
16180,173,12,1
16181,173,13,3
16182,173,14,1
16183,173,15,2
16184,173,16,2
16185,173,17,1
16186,173,18,1
16187,173,19,3
16188,173,20,1
16189,173,21,3
16190,173,22,2
16191,173,23,1
16192,173,24,1
16193,173,25,1
16194,173,26,1
16195,173,27,1
16196,173,28,1
16197,173,29,1
16198,173,30,1
16199,173,31,3
16200,173,32,2
16201,173,33,4
16202,173,34,4
16203,173,35,3
16204,173,36,2
16205,173,37,4
16206,173,38,3
16207,173,39,4
16208,173,40,4
16209,173,41,3
16210,173,42,3
16211,173,43,3
16212,173,44,4
16213,173,45,3
16214,173,46,2
16215,173,47,2
16216,173,48,2
16217,173,49,2
16218,173,50,2
16219,173,51,2
16220,173,52,4
16221,173,53,2
16222,173,54,3
16223,173,55,3
16224,173,56,2
16225,173,57,3
16226,173,58,4
16227,173,59,2
16228,173,60,2
16229,173,61,4
16230,173,62,3
16231,173,63,4
16232,173,64,3
16233,173,65,3
16234,173,66,2
16235,173,67,2
16236,173,68,4
16237,173,69,4
16238,173,70,4
16239,173,71,4
16240,173,72,3
16241,173,73,2
16242,173,74,4
16243,173,75,4
16244,173,76,4
16245,173,77,3
16246,173,78,2
16247,173,79,3
16248,173,80,3
16249,173,81,4
16250,173,82,2
16251,173,83,3
16252,173,84,4
16253,173,85,2
16254,173,86,2
16255,173,87,2
16256,173,88,3
16257,173,89,4
16258,173,90,4
16259,173,91,3
16260,173,92,4
16261,173,93,2
16262,173,94,3
16263,174,1,2
16264,174,2,2
16265,174,3,2
16266,174,4,1
16267,174,5,1
16268,174,6,3
16269,174,7,1
16270,174,8,3
16271,174,9,3
16272,174,10,2
16273,174,11,2
16274,174,12,1
16275,174,13,3
16276,174,14,1
16277,174,15,2
16278,174,16,3
16279,174,17,1
16280,174,18,1
16281,174,19,1
16282,174,20,1
16283,174,21,1
16284,174,22,1
16285,174,23,2
16286,174,24,1
16287,174,25,3
16288,174,26,1
16289,174,27,2
16290,174,28,1
16291,174,29,3
16292,174,30,3
16293,174,31,1
16294,174,32,3
16295,174,33,3
16296,174,34,3
16297,174,35,4
16298,174,36,4
16299,174,37,4
16300,174,38,3
16301,174,39,2
16302,174,40,4
16303,174,41,2
16304,174,42,4
16305,174,43,3
16306,174,44,2
16307,174,45,4
16308,174,46,4
16309,174,47,4
16310,174,48,2
16311,174,49,2
16312,174,50,3
16313,174,51,3
16314,174,52,4
16315,174,53,3
16316,174,54,3
16317,174,55,3
16318,174,56,3
16319,174,57,3
16320,174,58,2
16321,174,59,4
16322,174,60,2
16323,174,61,2
16324,174,62,2
16325,174,63,4
16326,174,64,2
16327,174,65,3
16328,174,66,2
16329,174,67,2
16330,174,68,2
16331,174,69,2
16332,174,70,3
16333,174,71,4
16334,174,72,4
16335,174,73,2
16336,174,74,4
16337,174,75,2
16338,174,76,4
16339,174,77,3
16340,174,78,3
16341,174,79,4
16342,174,80,4
16343,174,81,2
16344,174,82,4
16345,174,83,4
16346,174,84,2
16347,174,85,2
16348,174,86,3
16349,174,87,2
16350,174,88,2
16351,174,89,4
16352,174,90,2
16353,174,91,2
16354,174,92,3
16355,174,93,3
16356,174,94,3
16357,175,1,3
16358,175,2,3
16359,175,3,2
16360,175,4,2
16361,175,5,1
16362,175,6,3
16363,175,7,1
16364,175,8,2
16365,175,9,2
16366,175,10,2
16367,175,11,2
16368,175,12,1
16369,175,13,2
16370,175,14,1
16371,175,15,3
16372,175,16,1
16373,175,17,1
16374,175,18,1
16375,175,19,1
16376,175,20,1
16377,175,21,1
16378,175,22,1
16379,175,23,2
16380,175,24,1
16381,175,25,2
16382,175,26,1
16383,175,27,2
16384,175,28,3
16385,175,29,3
16386,175,30,3
16387,175,31,2
16388,175,32,2
16389,175,33,4
16390,175,34,3
16391,175,35,3
16392,175,36,3
16393,175,37,4
16394,175,38,4
16395,175,39,2
16396,175,40,2
16397,175,41,3
16398,175,42,2
16399,175,43,2
16400,175,44,4
16401,175,45,3
16402,175,46,3
16403,175,47,3
16404,175,48,2
16405,175,49,3
16406,175,50,2
16407,175,51,2
16408,175,52,4
16409,175,53,2
16410,175,54,2
16411,175,55,2
16412,175,56,2
16413,175,57,2
16414,175,58,3
16415,175,59,4
16416,175,60,4
16417,175,61,4
16418,175,62,3
16419,175,63,3
16420,175,64,3
16421,175,65,3
16422,175,66,3
16423,175,67,2
16424,175,68,3
16425,175,69,4
16426,175,70,4
16427,175,71,2
16428,175,72,2
16429,175,73,2
16430,175,74,4
16431,175,75,2
16432,175,76,3
16433,175,77,3
16434,175,78,4
16435,175,79,4
16436,175,80,2
16437,175,81,3
16438,175,82,2
16439,175,83,4
16440,175,84,3
16441,175,85,2
16442,175,86,3
16443,175,87,2
16444,175,88,3
16445,175,89,2
16446,175,90,4
16447,175,91,3
16448,175,92,2
16449,175,93,3
16450,175,94,3
16451,176,1,1
16452,176,2,1
16453,176,3,1
16454,176,4,2
16455,176,5,3
16456,176,6,1
16457,176,7,3
16458,176,8,2
16459,176,9,1
16460,176,10,3
16461,176,11,3
16462,176,12,2
16463,176,13,3
16464,176,14,2
16465,176,15,1
16466,176,16,3
16467,176,17,2
16468,176,18,1
16469,176,19,2
16470,176,20,2
16471,176,21,3
16472,176,22,1
16473,176,23,3
16474,176,24,2
16475,176,25,2
16476,176,26,1
16477,176,27,3
16478,176,28,3
16479,176,29,1
16480,176,30,1
16481,176,31,1
16482,176,32,3
16483,176,33,3
16484,176,34,3
16485,176,35,2
16486,176,36,4
16487,176,37,3
16488,176,38,4
16489,176,39,3
16490,176,40,2
16491,176,41,4
16492,176,42,3
16493,176,43,3
16494,176,44,2
16495,176,45,2
16496,176,46,2
16497,176,47,2
16498,176,48,3
16499,176,49,2
16500,176,50,2
16501,176,51,4
16502,176,52,3
16503,176,53,3
16504,176,54,2
16505,176,55,3
16506,176,56,4
16507,176,57,2
16508,176,58,2
16509,176,59,4
16510,176,60,3
16511,176,61,3
16512,176,62,3
16513,176,63,3
16514,176,64,2
16515,176,65,4
16516,176,66,2
16517,176,67,3
16518,176,68,4
16519,176,69,3
16520,176,70,2
16521,176,71,4
16522,176,72,2
16523,176,73,2
16524,176,74,2
16525,176,75,2
16526,176,76,2
16527,176,77,4
16528,176,78,4
16529,176,79,2
16530,176,80,4
16531,176,81,4
16532,176,82,3
16533,176,83,4
16534,176,84,3
16535,176,85,3
16536,176,86,2
16537,176,87,4
16538,176,88,4
16539,176,89,3
16540,176,90,2
16541,176,91,4
16542,176,92,3
16543,176,93,2
16544,176,94,2
16545,177,1,2
16546,177,2,2
16547,177,3,1
16548,177,4,2
16549,177,5,3
16550,177,6,2
16551,177,7,3
16552,177,8,2
16553,177,9,2
16554,177,10,1
16555,177,11,3
16556,177,12,2
16557,177,13,3
16558,177,14,2
16559,177,15,1
16560,177,16,1
16561,177,17,3
16562,177,18,2
16563,177,19,3
16564,177,20,2
16565,177,21,1
16566,177,22,3
16567,177,23,1
16568,177,24,2
16569,177,25,1
16570,177,26,2
16571,177,27,3
16572,177,28,2
16573,177,29,1
16574,177,30,2
16575,177,31,1
16576,177,32,3
16577,177,33,3
16578,177,34,3
16579,177,35,3
16580,177,36,4
16581,177,37,4
16582,177,38,4
16583,177,39,3
16584,177,40,3
16585,177,41,2
16586,177,42,4
16587,177,43,3
16588,177,44,3
16589,177,45,4
16590,177,46,3
16591,177,47,3
16592,177,48,2
16593,177,49,4
16594,177,50,2
16595,177,51,3
16596,177,52,4
16597,177,53,4
16598,177,54,4
16599,177,55,2
16600,177,56,4
16601,177,57,2
16602,177,58,4
16603,177,59,4
16604,177,60,3
16605,177,61,3
16606,177,62,2
16607,177,63,3
16608,177,64,2
16609,177,65,2
16610,177,66,4
16611,177,67,2
16612,177,68,4
16613,177,69,2
16614,177,70,4
16615,177,71,4
16616,177,72,4
16617,177,73,4
16618,177,74,3
16619,177,75,2
16620,177,76,2
16621,177,77,2
16622,177,78,4
16623,177,79,2
16624,177,80,4
16625,177,81,2
16626,177,82,2
16627,177,83,3
16628,177,84,3
16629,177,85,2
16630,177,86,3
16631,177,87,3
16632,177,88,2
16633,177,89,3
16634,177,90,3
16635,177,91,3
16636,177,92,4
16637,177,93,4
16638,177,94,3
16639,178,1,3
16640,178,2,2
16641,178,3,2
16642,178,4,3
16643,178,5,3
16644,178,6,3
16645,178,7,3
16646,178,8,3
16647,178,9,2
16648,178,10,3
16649,178,11,2
16650,178,12,3
16651,178,13,3
16652,178,14,1
16653,178,15,3
16654,178,16,2
16655,178,17,2
16656,178,18,2
16657,178,19,2
16658,178,20,1
16659,178,21,3
16660,178,22,3
16661,178,23,2
16662,178,24,2
16663,178,25,3
16664,178,26,2
16665,178,27,3
16666,178,28,2
16667,178,29,1
16668,178,30,3
16669,178,31,3
16670,178,32,3
16671,178,33,3
16672,178,34,2
16673,178,35,2
16674,178,36,4
16675,178,37,2
16676,178,38,2
16677,178,39,3
16678,178,40,3
16679,178,41,4
16680,178,42,3
16681,178,43,2
16682,178,44,4
16683,178,45,4
16684,178,46,3
16685,178,47,3
16686,178,48,2
16687,178,49,3
16688,178,50,3
16689,178,51,4
16690,178,52,2
16691,178,53,2
16692,178,54,2
16693,178,55,2
16694,178,56,3
16695,178,57,3
16696,178,58,4
16697,178,59,3
16698,178,60,3
16699,178,61,2
16700,178,62,4
16701,178,63,2
16702,178,64,3
16703,178,65,2
16704,178,66,2
16705,178,67,2
16706,178,68,2
16707,178,69,4
16708,178,70,4
16709,178,71,2
16710,178,72,4
16711,178,73,2
16712,178,74,2
16713,178,75,4
16714,178,76,3
16715,178,77,4
16716,178,78,4
16717,178,79,2
16718,178,80,2
16719,178,81,3
16720,178,82,4
16721,178,83,4
16722,178,84,3
16723,178,85,4
16724,178,86,3
16725,178,87,4
16726,178,88,4
16727,178,89,3
16728,178,90,3
16729,178,91,3
16730,178,92,3
16731,178,93,3
16732,178,94,4
16733,179,1,1
16734,179,2,2
16735,179,3,3
16736,179,4,2
16737,179,5,2
16738,179,6,2
16739,179,7,3
16740,179,8,1
16741,179,9,1
16742,179,10,3
16743,179,11,1
16744,179,12,2
16745,179,13,2
16746,179,14,2
16747,179,15,1
16748,179,16,2
16749,179,17,3
16750,179,18,3
16751,179,19,2
16752,179,20,1
16753,179,21,1
16754,179,22,2
16755,179,23,1
16756,179,24,2
16757,179,25,3
16758,179,26,3
16759,179,27,2
16760,179,28,2
16761,179,29,1
16762,179,30,3
16763,179,31,3
16764,179,32,1
16765,179,33,4
16766,179,34,4
16767,179,35,2
16768,179,36,3
16769,179,37,2
16770,179,38,3
16771,179,39,2
16772,179,40,2
16773,179,41,4
16774,179,42,4
16775,179,43,3
16776,179,44,4
16777,179,45,4
16778,179,46,2
16779,179,47,2
16780,179,48,2
16781,179,49,3
16782,179,50,2
16783,179,51,2
16784,179,52,2
16785,179,53,4
16786,179,54,2
16787,179,55,2
16788,179,56,2
16789,179,57,2
16790,179,58,2
16791,179,59,4
16792,179,60,2
16793,179,61,4
16794,179,62,2
16795,179,63,2
16796,179,64,4
16797,179,65,3
16798,179,66,2
16799,179,67,4
16800,179,68,4
16801,179,69,3
16802,179,70,4
16803,179,71,4
16804,179,72,4
16805,179,73,3
16806,179,74,3
16807,179,75,3
16808,179,76,3
16809,179,77,2
16810,179,78,4
16811,179,79,4
16812,179,80,4
16813,179,81,3
16814,179,82,3
16815,179,83,4
16816,179,84,2
16817,179,85,2
16818,179,86,3
16819,179,87,4
16820,179,88,2
16821,179,89,3
16822,179,90,2
16823,179,91,2
16824,179,92,3
16825,179,93,4
16826,179,94,3
16827,180,1,3
16828,180,2,3
16829,180,3,2
16830,180,4,2
16831,180,5,3
16832,180,6,1
16833,180,7,2
16834,180,8,1
16835,180,9,2
16836,180,10,2
16837,180,11,3
16838,180,12,1
16839,180,13,2
16840,180,14,2
16841,180,15,2
16842,180,16,2
16843,180,17,3
16844,180,18,3
16845,180,19,3
16846,180,20,2
16847,180,21,2
16848,180,22,2
16849,180,23,1
16850,180,24,1
16851,180,25,1
16852,180,26,1
16853,180,27,2
16854,180,28,3
16855,180,29,1
16856,180,30,2
16857,180,31,1
16858,180,32,1
16859,180,33,2
16860,180,34,4
16861,180,35,3
16862,180,36,2
16863,180,37,2
16864,180,38,3
16865,180,39,4
16866,180,40,2
16867,180,41,4
16868,180,42,3
16869,180,43,3
16870,180,44,3
16871,180,45,3
16872,180,46,2
16873,180,47,4
16874,180,48,3
16875,180,49,4
16876,180,50,4
16877,180,51,2
16878,180,52,4
16879,180,53,2
16880,180,54,3
16881,180,55,2
16882,180,56,3
16883,180,57,3
16884,180,58,3
16885,180,59,4
16886,180,60,2
16887,180,61,2
16888,180,62,3
16889,180,63,4
16890,180,64,3
16891,180,65,3
16892,180,66,3
16893,180,67,2
16894,180,68,4
16895,180,69,4
16896,180,70,3
16897,180,71,3
16898,180,72,2
16899,180,73,2
16900,180,74,3
16901,180,75,3
16902,180,76,4
16903,180,77,2
16904,180,78,4
16905,180,79,3
16906,180,80,3
16907,180,81,3
16908,180,82,3
16909,180,83,4
16910,180,84,2
16911,180,85,4
16912,180,86,2
16913,180,87,2
16914,180,88,3
16915,180,89,3
16916,180,90,3
16917,180,91,4
16918,180,92,2
16919,180,93,2
16920,180,94,4
16921,181,1,3
16922,181,2,1
16923,181,3,2
16924,181,4,1
16925,181,5,2
16926,181,6,3
16927,181,7,3
16928,181,8,2
16929,181,9,2
16930,181,10,1
16931,181,11,3
16932,181,12,3
16933,181,13,1
16934,181,14,3
16935,181,15,3
16936,181,16,1
16937,181,17,2
16938,181,18,2
16939,181,19,1
16940,181,20,2
16941,181,21,2
16942,181,22,1
16943,181,23,3
16944,181,24,1
16945,181,25,2
16946,181,26,1
16947,181,27,2
16948,181,28,1
16949,181,29,1
16950,181,30,3
16951,181,31,3
16952,181,32,1
16953,181,33,2
16954,181,34,3
16955,181,35,4
16956,181,36,2
16957,181,37,3
16958,181,38,4
16959,181,39,2
16960,181,40,3
16961,181,41,4
16962,181,42,4
16963,181,43,3
16964,181,44,4
16965,181,45,2
16966,181,46,2
16967,181,47,4
16968,181,48,2
16969,181,49,3
16970,181,50,4
16971,181,51,3
16972,181,52,2
16973,181,53,4
16974,181,54,2
16975,181,55,4
16976,181,56,2
16977,181,57,4
16978,181,58,2
16979,181,59,2
16980,181,60,2
16981,181,61,4
16982,181,62,4
16983,181,63,3
16984,181,64,4
16985,181,65,2
16986,181,66,2
16987,181,67,3
16988,181,68,2
16989,181,69,2
16990,181,70,3
16991,181,71,4
16992,181,72,4
16993,181,73,2
16994,181,74,2
16995,181,75,4
16996,181,76,2
16997,181,77,4
16998,181,78,4
16999,181,79,3
17000,181,80,3
17001,181,81,2
17002,181,82,4
17003,181,83,2
17004,181,84,4
17005,181,85,4
17006,181,86,3
17007,181,87,3
17008,181,88,4
17009,181,89,2
17010,181,90,3
17011,181,91,2
17012,181,92,3
17013,181,93,2
17014,181,94,3
17015,182,1,2
17016,182,2,2
17017,182,3,1
17018,182,4,3
17019,182,5,2
17020,182,6,1
17021,182,7,1
17022,182,8,2
17023,182,9,2
17024,182,10,2
17025,182,11,3
17026,182,12,1
17027,182,13,1
17028,182,14,3
17029,182,15,2
17030,182,16,2
17031,182,17,2
17032,182,18,1
17033,182,19,1
17034,182,20,2
17035,182,21,1
17036,182,22,2
17037,182,23,2
17038,182,24,2
17039,182,25,1
17040,182,26,1
17041,182,27,1
17042,182,28,2
17043,182,29,3
17044,182,30,1
17045,182,31,3
17046,182,32,2
17047,182,33,2
17048,182,34,4
17049,182,35,3
17050,182,36,2
17051,182,37,2
17052,182,38,3
17053,182,39,3
17054,182,40,4
17055,182,41,4
17056,182,42,2
17057,182,43,2
17058,182,44,2
17059,182,45,3
17060,182,46,4
17061,182,47,4
17062,182,48,4
17063,182,49,2
17064,182,50,3
17065,182,51,3
17066,182,52,4
17067,182,53,4
17068,182,54,4
17069,182,55,3
17070,182,56,2
17071,182,57,3
17072,182,58,2
17073,182,59,4
17074,182,60,2
17075,182,61,3
17076,182,62,4
17077,182,63,3
17078,182,64,3
17079,182,65,2
17080,182,66,3
17081,182,67,2
17082,182,68,4
17083,182,69,4
17084,182,70,4
17085,182,71,3
17086,182,72,4
17087,182,73,4
17088,182,74,2
17089,182,75,3
17090,182,76,4
17091,182,77,4
17092,182,78,4
17093,182,79,2
17094,182,80,2
17095,182,81,2
17096,182,82,3
17097,182,83,2
17098,182,84,2
17099,182,85,3
17100,182,86,2
17101,182,87,3
17102,182,88,2
17103,182,89,3
17104,182,90,2
17105,182,91,3
17106,182,92,3
17107,182,93,2
17108,182,94,2
